【2023英特尔+酷睿i7独显】国行4K金属笔记本电脑超薄指纹解锁商务办公设计学生游戏系能手提电脑 英特尔12代 【4K高清款】超性能本+指纹解锁 16G+512G超速固态+豪华礼品,2188.00,2万+
"京品电脑
华为笔记本电脑MateBook D 14 SE版 14英寸 11代酷睿 i5 8G+512G 轻薄本/高清护眼防眩光屏/手机互联 银",3399.00,50万+
"京品电脑
小米笔记本电脑 红米 RedmiBookPro 14英寸 2.5K高清屏 高性能轻薄本(R5 16G 512G 商务办公 长续航 全金属)",3246.00,20万+
"京品电脑
联想笔记本电脑 小新Air14 英特尔酷睿i5 14英寸轻薄本(i5 16G 512G 高色域 大电池)银 商务办公手提电脑",3499.00,20万+
惠普（HP）暗影精灵9 Intel 16.1英寸游戏本 笔记本电脑(13代i9-13900HX RTX4060 16G 1TBSSD 2.5K 240Hz),8999.00,10万+
"京品电脑
华硕Vivobook15 英特尔酷睿i3 15.6英寸高清大屏学生网课轻薄笔记本电脑(i3 8G 256G 低蓝光 护眼屏 WIN11)银",2299.00,1万+
华为笔记本电脑MateBook D 14 2022款 14英寸 11代酷睿 i5 16G+512G 轻薄本/护眼全面屏/手机互联 银,4099.00,50万+
联想（Lenovo）小新16 2023酷睿版 16英寸轻薄笔记本电脑 i5-12450H 16G 512G FHD,4199.00,2000+
联想ThinkBook 14+ 2023款 13代酷睿i5英特尔Evo平台 14英寸标压轻薄笔记本i5-13500H 16G 512G 2.8K 90Hz,5299.00,10万+
联想（Lenovo）拯救者Y9000P 2023 英特尔酷睿i9 16英寸游戏笔记本电脑(13代i9-13900HX 16G 1T RTX4060 2.5k 240Hz高色域),9999.00,5万+
联想笔记本电脑小新14轻薄本 英特尔酷睿i5 14英寸超薄本(13代标压i5-13500H 16G 512G)灰 商务办公学生女生,4299.00,20万+
"京品电脑
荣耀MagicBook 14 锐龙版 14英寸6核锐龙R5轻薄笔记本电脑 16G大内存 512G 冰河银 多屏协同 高色域",3099.90,5万+
ROG幻16 2023 第13代英特尔酷睿i9 16英寸 星云屏 设计师轻薄高性能游戏本笔记本电脑(i9-13900H 16G 1T RTX4060 2.5K 240Hz P3广色域)灰,11999.00,1万+
联想（Lenovo）拯救者Y7000P 2023 英特尔酷睿i7 16英寸电竞游戏笔记本电脑(13代i7-13700H 16G 1T RTX4060 2.5K高刷高色域),7999.00,5万+
联想（Lenovo）拯救者Y7000P 2023 英特尔酷睿 16英寸电竞游戏笔记本电脑(13代i5-13500H 16G 1T RTX4050 2.5K 165Hz高色域),6999.00,5万+
联想笔记本电脑小新Pro16轻薄本 英特尔酷睿i5 16英寸超能本(12核标压i5 16G 512G 2.5K高刷屏)银 商务办公,4999.00,20万+
惠普(HP)战66 六代2023酷睿15.6英寸(英特尔13代i5-1340P 16G 1T 2.5K高色域屏120HZ)高性能轻薄本电脑,4899.00,20万+
"京品电脑
联想笔记本电脑小新Pro14轻薄本 英特尔Evo 14英寸超能本(12核标压i5 16G 512G 2.8K高刷屏)银 商务办公学生",4799.00,20万+
免费刻字！免费开票！买就送签字笔！,10.80,5万+
联想笔记本电脑小新Pro14轻薄本 英特尔酷睿i5 14英寸超能本(13代标压i5-13500H 16G 1T 2.8K高刷屏)灰 办公,5499.00,20万+
联想笔记本电脑小新Pro16轻薄本 英特尔Evo 16英寸超能本(14核标压i9 16G 512G 2.5K高刷屏)银 商务办公学生,5999.00,20万+
AppleMacBookAir【教育优惠】13.3 8核M1芯片(7核图形处理器) 8G 256G SSD 深空灰 电脑 MGN63CH/A,7199.00,20万+
"京品电脑
华硕无畏Pro15 2.8K 120Hz OLED屏新锐龙标压游戏轻薄笔记本电脑(R7-6800H 16G 512G RTX3050高色域)银",5499.00,2万+
联想笔记本电脑小新Pro14轻薄本 英特尔酷睿i5 14英寸超能本(13代标压i5-13500H 32G 1T 2.8K高刷屏)灰 办公,5999.00,20万+
华为笔记本电脑MateBook D16 2023 13代酷睿版 i5 16G 1T/轻薄商务办公本/16英寸护眼全面屏/手机互联 皓月银,5699.00,5万+
联想笔记本电脑IdeaPad 15轻薄本 15.6英寸全能本(8核R7 8G 512G 全高清防眩光屏)银 商务办公学生女生,2999.00,10万+
华硕灵耀14 2023 13代英特尔酷睿i7 Evo 2.8K OLED屏高颜值超轻薄商务办公笔记本电脑(i7-1360P 16G 512G)银,5894.00,2000+
Apple MacBook Air 13.3 八核M1芯片(7核图形处理器) 8G 256G SSD 深空灰 笔记本电脑 MGN63CH/A,7999.00,20万+
荣耀笔记本电脑MagicBook X 16 Pro 2023 13代酷睿标压i5-13500H 16+1T 16吋高性能轻薄本 大电池 手机互联,4699.00,1万+
联想（Lenovo） IdeaPad 15 锐龙版 15.6英寸办公轻薄笔记本电脑 R5-5500U 8G512G 全高清防眩光屏,2949.00,1万+
Apple MacBook Air 13.3 八核M1芯片(7核图形处理器) 8G 256G SSD 深空灰 笔记本电脑 MGN63CH/A,7999.00,20万+
"爱心东东
【2023英特尔+酷睿i7独显】国行4K金属笔记本电脑超薄指纹解锁商务办公设计学生游戏系能手提电脑 英特尔12代 【4K高清款】超性能本+指纹解锁 16G+512G",2188.00,2万+
"京品电脑
华为笔记本电脑MateBook D 14 SE版 14英寸 11代酷睿 i5 8G+512G 轻薄本/高清护眼防眩光屏/手机互联 灰",3399.00,50万+
联想笔记本电脑小新14轻薄本 英特尔酷睿i5 14英寸超薄本(高性能标压i5 16G 512G)灰 商务办公学生女生,3799.00,20万+
联想ThinkBook 14+ 2023款 英特尔酷睿i5 14英寸标压便携轻薄笔记本电脑i5-13500H 32G 512G 2.8K 90Hz,5999.00,10万+
机械革命 无界14锐龙版 轻薄本办公商务本入门游戏笔记本电脑 (R7-7735H 16G 512G 2.5K 120Hz高色域),3899.00,2000+
7大京仓速发 联想酷睿i5本,1349.00,5万+
AppleMacBookAir【教育优惠】13.3 8核M1芯片(7核图形处理器) 8G 256G SSD 银色 电脑 MGN93CH/A,7199.00,20万+
华为笔记本电脑MateBook 14s 2022 英特尔Evo 12代酷睿标压i5 16G 1T/14.2英寸90Hz触控/轻薄本/手机互联 灰,6299.00,5万+
联想笔记本电脑小新16轻薄本 英特尔酷睿i5 16英寸超薄本(13代标压i5-13500H 16G 512G)灰 商务办公学生女生,4499.00,20万+
联想ThinkBook 14+ 英特尔酷睿i5 14英寸标压便携轻薄笔记本电脑i5-12500H 16G 512G 2.8K 90Hz,4999.00,10万+
华为笔记本电脑MateBook D 14 SE版 2022 14英寸 12代酷睿i5 8G 512G 轻薄本/护眼全面屏/手机互联 皓月银,3699.00,50万+
华硕a豆14 2023 锐龙版 高性能轻薄笔记本电脑(新锐龙R7-7730U 16G 512G 16:10大视野 护眼屏)商务办公本 银,3999.00,1000+
"京品电脑
小米红米笔记本电脑 RedmiBookPro14 2.5K高清屏 商务办公高性能轻薄本(12代标压i5 16G 512G 正版office)",3738.00,2万+
联想小新16 2023款酷睿i5标压超轻薄本 Pro级16英寸学生游戏笔记本电脑 13代酷睿 12核丨i5-13500H 16G 512G丨标配 卷云灰 16:10大视野,4499.00,500+
小米笔记本电脑 红米 Redmi Book Pro15 3.2K高色域屏 商务办公 高清屏轻薄本(R7-6800H 16G 512G 带摄像头),4479.00,20万+
"京品电脑
惠普HP 星14 Pro 14英寸高性能轻薄笔记本电脑(i5-12500H标压 16G 512G 2.2K高分屏 硬件 护眼)陨石灰",3999.00,2万+
"京品电脑
惠普(HP)战66 15.6英寸(英特尔酷睿 i5 16G 512GB 长续航 高色域低功耗屏)高性能轻薄本电脑",3899.00,20万+
ROG魔霸7 Plus 17.3英寸 电竞游戏本笔记本电脑(R9 7845HX 液金导热 16G 1T RTX4070 240Hz P3广色域),11999.00,1万+
Apple MacBook Pro 13英寸 M2 芯片(8核中央处理器 10核图形处理器) 16G 512G 深空灰 Z16S【定制机】,12999.00,2万+
"京品电脑
惠普(HP)战66 14英寸(英特尔酷睿i5 16G 512G 长续航 高色域低功耗屏 1年上门)高性能轻薄本电脑",3799.00,20万+
华硕笔记本电脑 a豆14 Pro 锐龙版 高性能轻薄本商务办公本(标压R7-5800H 16G 512G 2.5K超清屏 100%sRGB)银,3596.00,5000+
联想ThinkBook 16p 英特尔酷睿i9 16英寸高性能轻薄创作本 i9-13900H 16G 1T RTX4060 3.2K 165Hz,9999.00,1000+
惠普HP 星14 Pro 14英寸轻薄笔记本电脑(i5-12500H标压2.8K 90Hz OLED材质高分高刷屏 硬件护眼)月光银,4499.00,2万+
攀升 暴风龙P3 14英寸商务办公手提轻薄笔记本电脑(全新一代四核N100 16G 512GNvme Type-C接口),1999.00,1000+
荣耀笔记本电脑MagicBook X 14 2023 12代酷睿标压i5 16G 512G 100%sRGB高色域 轻薄本 大电池 手机互联,3799.90,1万+
荣耀笔记本电脑MagicBook 14 2023 13代酷睿高性能轻薄本 标压i5-13500H 16G 1TB 2.5K高刷屏 手机互联,5499.00,2000+
联想ThinkBook 14+ 2023款 英特尔酷睿i7 14英寸标压便携轻薄笔记本电脑i7-13700H 32G 512G 2.8K 90Hz,6999.00,10万+
联想ThinkPad E14 2022款 酷睿版 英特尔酷睿i5 14英寸轻薄笔记本电脑(i5-1240P 16G 512G 100%sRGB)银 win11,4799.00,2万+
联想ThinkBook 16+ 2023款 13代酷睿i5英特尔Evo平台 16英寸标压轻薄笔记本i5-13500H 32G 512G SSD 2.5K,5999.00,5万+
信笔 商务办公笔记本文具加厚带扣记事本a5简约32K本子定制logo A5金扣单本-灰色,12.80,1万+
"京品电脑
华为笔记本电脑MateBook D 14 SE版 14英寸 11代酷睿 i5 8G+512G 轻薄本/高清护眼防眩光屏/手机互联 银",3399.00,50万+
"京品电脑
小米笔记本电脑 红米 RedmiBookPro 14英寸 2.5K高清屏 高性能轻薄本(R5 16G 512G 商务办公 长续航 全金属)",3246.00,20万+
"京品电脑
联想笔记本电脑 小新Air14 英特尔酷睿i5 14英寸轻薄本(i5 16G 512G 高色域 大电池)银 商务办公手提电脑",3499.00,20万+
惠普（HP）暗影精灵9 Intel 16.1英寸游戏本 笔记本电脑(13代i9-13900HX RTX4060 16G 1TBSSD 2.5K 240Hz),8999.00,10万+
"京品电脑
华硕Vivobook15 英特尔酷睿i3 15.6英寸高清大屏学生网课轻薄笔记本电脑(i3 8G 256G 低蓝光 护眼屏 WIN11)银",2299.00,1万+
戴尔DELL笔记本电脑 成就3420 14英寸性能商务办公轻薄本(i5 16G 512G 锐炬显卡)灰 微边框全面屏 1年上门,3499.90,1万+
联想（Lenovo）小新16 2023酷睿版 16英寸轻薄笔记本电脑 i5-12450H 16G 512G FHD,4199.00,2000+
联想ThinkBook 14+ 2023款 13代酷睿i5英特尔Evo平台 14英寸标压轻薄笔记本i5-13500H 16G 512G 2.8K 90Hz,5299.00,10万+
华为笔记本电脑MateBook D 14 2022款 14英寸 11代酷睿 i5 16G+512G 轻薄本/护眼全面屏/手机互联 银,4099.00,50万+
联想（Lenovo）拯救者Y9000P 2023 英特尔酷睿i9 16英寸游戏笔记本电脑(13代i9-13900HX 16G 1T RTX4060 2.5k 240Hz高色域),9999.00,5万+
联想笔记本电脑小新14轻薄本 英特尔酷睿i5 14英寸超薄本(13代标压i5-13500H 16G 512G)灰 商务办公学生女生,4299.00,20万+
Apple MacBook Air 13.3 八核M1芯片(7核图形处理器) 8G 256G SSD 深空灰 笔记本电脑 MGN63CH/A,7999.00,20万+
"京品电脑
荣耀MagicBook 14 锐龙版 14英寸6核锐龙R5轻薄笔记本电脑 16G大内存 512G 冰河银 多屏协同 高色域",3099.90,5万+
联想（Lenovo）拯救者Y7000P 2023 英特尔酷睿i7 16英寸电竞游戏笔记本电脑(13代i7-13700H 16G 1T RTX4060 2.5K高刷高色域),7999.00,5万+
联想（Lenovo）拯救者Y7000P 2023 英特尔酷睿 16英寸电竞游戏笔记本电脑(13代i5-13500H 16G 1T RTX4050 2.5K 165Hz高色域),6999.00,5万+
联想笔记本电脑小新Pro16轻薄本 英特尔酷睿i5 16英寸超能本(12核标压i5 16G 512G 2.5K高刷屏)银 商务办公,4999.00,20万+
惠普(HP)战66 六代2023酷睿15.6英寸(英特尔13代i5-1340P 16G 1T 2.5K高色域屏120HZ)高性能轻薄本电脑,4899.00,20万+
联想ThinkBook 14+ 英特尔酷睿i5 14英寸标压便携轻薄笔记本电脑i5-12500H 16G 512G 2.8K 90Hz,4999.00,10万+
"京品电脑
联想笔记本电脑小新Pro14轻薄本 英特尔Evo 14英寸超能本(12核标压i5 16G 512G 2.8K高刷屏)银 商务办公学生",4799.00,20万+
联想笔记本电脑小新Pro14轻薄本 英特尔酷睿i5 14英寸超能本(13代标压i5-13500H 16G 1T 2.8K高刷屏)灰 办公,5499.00,20万+
联想笔记本电脑小新Pro16轻薄本 英特尔Evo 16英寸超能本(14核标压i9 16G 512G 2.5K高刷屏)银 商务办公学生,5999.00,20万+
AppleMacBookAir【教育优惠】13.3 8核M1芯片(7核图形处理器) 8G 256G SSD 深空灰 电脑 MGN63CH/A,7199.00,20万+
"京品电脑
华硕无畏Pro15 2.8K 120Hz OLED屏新锐龙标压游戏轻薄笔记本电脑(R7-6800H 16G 512G RTX3050高色域)银",5499.00,2万+
戴尔灵越14Pro5420超轻薄14英寸笔记本电脑12代酷睿,4199.00,5000+
联想笔记本电脑小新Pro14轻薄本 英特尔酷睿i5 14英寸超能本(13代标压i5-13500H 32G 1T 2.8K高刷屏)灰 办公,5999.00,20万+
联想笔记本电脑IdeaPad 15轻薄本 15.6英寸全能本(8核R7 8G 512G 全高清防眩光屏)银 商务办公学生女生,2999.00,10万+
华硕灵耀14 2023 13代英特尔酷睿i7 Evo 2.8K OLED屏高颜值超轻薄商务办公笔记本电脑(i7-1360P 16G 512G)银,5894.00,2000+
荣耀笔记本电脑MagicBook X 16 Pro 2023 13代酷睿标压i5-13500H 16+1T 16吋高性能轻薄本 大电池 手机互联,4699.00,1万+
联想（Lenovo） IdeaPad 15 锐龙版 15.6英寸办公轻薄笔记本电脑 R5-5500U 8G512G 全高清防眩光屏,2949.00,1万+
宏碁(Acer) 14英寸笔记本电脑 金属轻薄便携高性能学生网课商用办公(i7 锐炬显卡 16G 512G IPS屏幕 Wifi6),3799.00,1000+
得力(deli)16K/120张羊巴皮笔记本子 加厚软面皮面本记事本日记本办公用品 灰色3345,18.00,20万+
朗捷（longe）【4本装】商务笔记本本子羊巴皮面记事本笔记本文具加厚日记本会议记录本可定制logo 4本通用装A5（黑色1，棕色1，卡其色1，酒红1）,29.80,20万+
机械革命（MECHREVO）蛟龙16K 16英寸游戏电竞笔记本电脑（R7-7735H 16G 512G RTX4050 165HZ 2.5K）,5499.00,2万+
机械革命（MECHREVO）极光Pro 15.6英寸游戏本 笔记本电脑(i7-12650H 16G 512G RTX4060 165HZ 2.5K屏),6488.00,10万+
联想（Lenovo）拯救者R9000P 2023 16英寸电竞游戏笔记本电脑(R7-7745HX 16G 1T RTX4060 2.5k 240Hz高色域)碳晶灰,8999.00,10万+
惠普 战66 六代 酷睿14英寸 16G 1T 笔记本,4599.00,20万+
机械革命（MECHREVO）蛟龙16K 16英寸游戏电竞笔记本电脑（R7-7735H 16G 512G RTX4060 165HZ 2.5K）,6499.00,2万+
小米 Redmi G Pro 锐龙版 2.5K 240hz 游戏本笔记本电脑(R7-6800H 16G 512G RTX3060 100%sRGB高色域电竞屏),5729.00,2万+
ROG魔霸新锐 2023 第13代英特尔酷睿i7 16英寸 星云屏 电竞游戏本笔记本电脑(i7-13650HX 液金导热16G 1T RTX4060 2.5K 240Hz P3广色域),10499.00,1万+
ROG幻16 2023 第13代英特尔酷睿i9 16英寸 星云屏 设计师轻薄高性能游戏本笔记本电脑(i9-13900H 16G 1T RTX4060 2.5K 240Hz P3广色域)灰,11999.00,1万+
惠普（HP）暗影精灵9 Intel 16.1英寸游戏本 笔记本电脑(13代i5-13500HX RTX4060 16G 512GSSD 2.5K 240Hz),8299.00,10万+
华硕（ASUS）天选3 12代英特尔酷睿i7 15.6英寸游戏本 笔记本电脑(i7-12700H 16G 512G RTX3050 144Hz高色域屏)灰,6499.00,10万+
联想拯救者R9000P 16英寸游戏笔记本电脑(8核16线程R7-6800H 16G 512G RTX3060 2.5k 165Hz高色域)灰,7098.00,20万+
神舟（HASEE）战神S8 12代英特尔酷睿i7 15.6英寸游戏本 笔记本电脑(12代i7-12650H 16G 512G RTX4060 144Hz),5688.00,2万+
机械革命（MECHREVO）旷世16 Super 13代英特尔酷睿i9 16英寸游戏本笔记本电脑(i9-13900HX 32G 1T RTX4070 240HZ 2.5K屏),9499.00,10万+
ROG魔霸7 Plus 17.3英寸 电竞游戏本笔记本电脑(R9 7845HX 液金导热 16G 1T RTX4060 240Hz P3广色域),9999.00,1万+
"京品电脑
戴尔（DELL）游匣G15 15.6英寸游戏本 笔记本电脑(14核i7 16G 512G RTX3060 165Hz高色域电竞屏)黑",6799.90,5万+
【英特尔可选酷睿i9+独显】笔记本电脑快速者2023轻薄款商务办公独显游戏本手提整机 酷睿i7+HD核显+16G+512G固态 支持无线WIFI/高清屏,2999.00,2000+
华硕（ASUS）天选4 锐龙版 15.6英寸高性能电竞游戏本 笔记本电脑(新R7-7735H 16G 512G RTX4060 144Hz高色域电竞屏)青,7499.00,1万+
惠普（HP）暗影精灵9 Plus 高能版 游戏本 17.3英寸笔记本电脑(i9-13900HX RTX4080 32G 1TSSD 2.5K 240Hz),15499.00,10万+
惠普（HP）暗影精灵9 Intel 16.1英寸游戏本 笔记本电脑(13代i7-13700HX RTX4050 16G 512GSSD 165Hz),7799.00,10万+
机械革命（MECHREVO）蛟龙16 Pro 16英寸游戏电竞笔记本电脑（R9-7845HX 16G 1T RTX4060 240HZ 2.5K 灰）,7699.00,2万+
ROG魔霸7 Plus 17.3英寸 电竞游戏本笔记本电脑(R9 7845HX 液金导热 16G 1T RTX4070 240Hz P3广色域),11999.00,1万+
联想笔记本电脑 小新品金属超轻薄本 15.6英寸大学生商用办公设计师游戏本 锐龙八核R7-5800U 24G内存 1TB固态 MX450独显 IPS超高清 精装升级 高色域低蓝光护眼,5299.00,5000+
小米游戏本 红米 RedmiG 16英寸 高性能手提笔记本电脑(酷睿i5 16G RTX3050满血 2.5K 165Hz高刷屏 DDR5高频内存),4619.00,2万+
ROG枪神7 第13代英特尔酷睿i9 16英寸 星云屏 电竞游戏本笔记本电脑(i9-13980HX 液金导热 16G 1T RTX4060 2.5K 240Hz P3广色域),11999.00,5000+
联想（Lenovo）拯救者Y7000P 2023 16英寸电竞游戏本笔记本电脑 i7-13700H 16G 1T RTX4060,8329.00,1000+
宏碁（acer）掠夺者·擎Neo 16英寸2.5K电竞游戏本 第13代酷睿H55 工作站级笔记本电脑(14核i5-13500HX 16G 512G RTX4060),7999.00,2万+
神舟（HASEE）战神Z7-TA7NP 11代英特尔酷睿i7 15.6英寸游戏本 笔记本电脑(11代i7-11800H 16G 512G RTX3050 144Hz),3988.00,5万+
联想笔记本电脑 小新品金属超轻薄本 15.6英寸大学生商用办公设计师游戏本 锐龙八核R7-5800U 24G内存 1TB固态 MX450独显 IPS超高清 精装升级 高色域低蓝光护眼,5299.00,5000+
惠普(HP)战66六代锐龙版14英寸(2023新锐龙R5-7530U 16G 512G 长续航高色域低蓝光屏)高性能轻薄本电脑,3999.00,20万+
七彩虹（Colorful）将星X15-AT 13代英特尔酷睿i7 15.6英寸游戏本 笔记本电脑(i7-13700HX 16G 512G RTX4070 165Hz 2.5K）雷震紫,8688.00,1万+
机械革命（MECHREVO）极光E/极光Z/极光Pro 12代独显3050 4060学生游戏本15.6英寸高刷电竞电脑 极光E-i7/4060/2.5K/165Hz 【官方标配】16G/NVMe,6099.00,5000+
华硕（ASUS）天选4 英特尔酷睿i7 15.6英寸高性能电竞游戏本笔记本电脑(14核i7 16G 512G RTX4060 2.5K 165Hz P3广色域)灰,8299.00,2万+
华硕无畏15 2023 13代酷睿i5标压 15.6英寸轻薄便携大屏高性能办公笔记本电脑(i5-13500H 16G 512G 护眼屏)银,4399.00,5万+
联想ThinkPad X1 Carbon 2022款 英特尔酷睿i5 14英寸笔记本电脑 12代酷睿i5-1240P 16G 512G/4G版/2.2K,9499.00,1万+
机械革命（MECHREVO）极光Z 12代英特尔酷睿i7 15.6英寸游戏本 笔记本电脑(i7-12650H 16G 512G RTX3050 165Hz),4988.00,10万+
华为笔记本电脑MateBook D 14 2022 12代酷睿版 i5 16G 512G 锐炬显卡/轻薄本/14英寸护眼全面屏/手机互联 银,4599.00,50万+
"京品电脑
惠普(HP)战66 锐龙版14英寸(全新7nm锐龙R5-5625U 16G 512G 长续航 高色域低功耗屏)高性能轻薄本电脑",3699.00,20万+
华硕（ASUS）天选3 12代英特尔酷睿i7 15.6英寸游戏本 笔记本电脑(i7-12700H 16G 512G RTX3050 144Hz高色域屏)灰,6499.00,10万+
小米游戏本 红米 RedmiG 16英寸 高性能笔记本电脑(酷睿i7 16G RTX3050满血 2.5K 165Hz高刷屏 DDR5高频内存),5149.00,2万+
【2023全新英特尔13代32G内存+酷睿i7】金属笔记本电脑手提电脑办公商务设计学生轻薄游戏本优和 11代酷睿i7独显2G 电竞设计办公旗舰本 32G运行1024G固态高速硬盘,4698.00,2000+
小米笔记本电脑 红米 RedmiBook Pro14 锐龙版 2.5K-120hz高刷屏 商务办公本(R5-6600H标压 16G-LPDDR5 512G),3527.00,20万+
联想笔记本电脑小新Pro16轻薄本 16英寸超能本(8核标压R7-7735HS 16G 1T 2.5K高刷屏)灰 商务办公学生女生,5599.00,10万+
荣耀笔记本MagicBook X 14 2022 14英寸全面屏轻薄笔记本电脑 （i5 8GB 512GB多屏协同）冰河银,2999.90,5万+
联想（Lenovo）GeekPro G5000 15.6英寸电竞游戏笔记本电脑(13代i7-13700H 16G 1T RTX4060 2.5k 165Hz高色域)钛晶灰,8699.00,5万+
"京品电脑
荣耀笔记本MagicBook X 14 2022 14英寸全面屏轻薄笔记本电脑 （i5 16GB 512GB多屏协同）冰河银",3499.90,5万+
华硕灵耀X 双屏 高性能双触控屏 14英寸笔记本电脑高端轻薄本 商用办公 酷睿i5 16G 512G双雷电4版,5999.00,5000+
华为笔记本电脑MateBook D 15 2022 12代酷睿版 15.6英寸 i5 16G 512G 护眼全面屏/轻薄本/手机互联 皓月银,4699.00,50万+
荣耀笔记本电脑MagicBook 14 2023 13代酷睿高性能轻薄本 标压i5-13500H 16G 512G 2.5K高刷屏 手机互联,4999.00,2000+
"爱心东东
国行【2023款英特尔可选酷睿】15.6英寸笔记本电脑轻薄本学生办公超薄便携高性能游戏本手提豆小谷 英特尔11代四核+IPS屏+抗蓝光 8G内存/128G超速硬盘",999.00,2万+
机械革命旷世G16 玩家级i7高端性能 游戏本2023新品4060 4050显卡系笔记本电脑 旷世G16 i7-12650H满功耗4060-8G 16G|512GPCIE高刷240Hz|2.5K 16,6298.00,2000+
机械革命（MECHREVO）蛟龙15K/7 15.6英寸高性能高端游戏本玩家级满血4050 4060显卡发烧级独显直连电脑 R5-6600H/4050/165/100%色域 【官方标配】16G/,4798.00,5000+
HUWI 国行【2023款英特尔四核 12代】金属笔记本电脑轻薄本大学生上网课设计学习商务办公游戏手提,2249.00,1万+
联想（Lenovo）小新Pro14标压12代酷睿超轻薄笔记本电脑学生办公设计网课 i9-12900H 16G 512G 标配 14英寸｜2.8K｜高刷｜高色域屏,4899.00,5万+
惠普HP 星Book 15.6英寸大屏办公轻薄笔记本电脑(13代i5-1340P 16G 1TB 锐炬显卡 通过6项可靠性测试)银色,3999.00,2万+
联想笔记本电脑IdeaPad 15轻薄本 15.6英寸全能本(8核R7 16G 512G 全高清防眩光屏)银 商务办公学生女生,3499.00,10万+
神舟（HASEE）战神Z8R9 13代英特尔酷睿i9 15.6英寸游戏本 笔记本电脑(13代i9-13900H 16G 1TB RTX4060 165Hz 2.5K电竞屏),7488.00,2万+
ROG枪神7 超竞版 第13代英特尔酷睿i9 16英寸 星云屏 电竞游戏本笔记本电脑(i9-13980HX 液金导热 16G 1T RTX4080 2.5K 240Hz P3广色域),18999.00,2000+
HUWI 国行【2023款英特尔四核11代】金属笔记本电脑轻薄本大学生上网课设计学习商务办公游戏手提,1899.00,1万+
惠普(HP)战99 2022锐龙 15.6英寸高性能笔记本电脑设计师本工作站 R7-6800H 16G 512G T600 144Hz 高色域,4999.00,2万+
惠普(HP)暗影精灵8Pro 16.1英寸游戏本电脑(12代酷睿i5-12500H RTX3050 4G独显 16G 512GSSD),5799.00,10万+
Apple【A+会员专享】 MacBook Air 13.3 八核M1芯片(7核图形) 8G 256G SSD 深空灰 电脑 MGN63CH/A,6199.00,20万+
惠普(HP)锐14 新AMD锐龙 14英寸(六核R5-7530U 8G 512G 指纹识别 一年上门 通过13项军标认证)轻薄电脑,2999.00,1万+
【2023款英特尔+酷睿i7】15.6英寸笔记本电脑轻薄本网课商务办公集成显卡游戏本大学生手提品弘本 流光银丨高配英特尔四核11代+IPS全面屏+抗蓝光 8G内,960.00,2万+
华硕无畏Pro15 2.8K 120Hz OLED屏新锐龙标压游戏轻薄笔记本电脑(R7-6800H 16G 512G RTX3050高色域)银,5499.00,2万+
联想ThinkBook14+锐龙版 可选2023款 小新轻薄办公笔记本电脑pro游戏本 R7-6800H 2.8K 16G内存 512G固态 标配,4499.00,1万+
联想拯救者Y7000P 2023款16英寸专业电竞游戏本 满功耗RTX4050-6G独显 13代标压酷睿 i5-13500H 16G 1TB 标配版 16英寸电竞屏｜2.5K｜165Hz,7088.00,1万+
联想拯救者R7000P 15.6英寸游戏笔记本电脑(8核16线程R7-6800H 16G 512G RTX3050 2.5k 165Hz高色域)灰,6499.00,10万+
华硕无畏Pro14 12代酷睿标压 2.8K OLED 游戏轻薄本笔记本 12代i5标压 16G 512G RTX3050银,5469.00,2000+
华硕无畏16 2023 13代酷睿标压 16英寸大学生手提办公本笔记本电脑轻薄本商务 i5-13500H 16G 512G 护眼屏 银,4649.00,1000+
华为笔记本电脑MateBook D 14 SE版 14英寸 11代酷睿 i5 8G+512G 轻薄本/高清护眼防眩光屏/手机互联 银,3399.00,50万+
"京品电脑
华为笔记本电脑MateBook 13 2021款 2K全面屏 11代酷睿i5 16G 512G 锐炬显卡/多屏协同/13英寸轻薄本 皓月银",4499.00,20万+
惠普(HP)战99 2022 15.6英寸高性能笔记本电脑设计师创作本工作站 12代i5-12500H 16G 512G RTX3050Ti 高色域,5999.00,2万+
惠普(HP)战66 六代2023酷睿15.6英寸(英特尔13代i5-1340P 32G 1T 2.5K高色域屏120HZ)高性能轻薄本电脑,5299.00,20万+
神舟（HASEE）战神Z7/Z8/S8 英特尔酷睿i5/i7 RTX4050/4060/4070满血游戏电竞电脑 S8D6电竞版 i7/16/512/4060 8G 高刷新,6299.00,2000+
小米 Xiaomi Book Air 13 2.8K OLED高清屏笔记本电脑(酷睿i5 16G 512G 翻转触控屏 正版office 办公长续航),4608.00,1万+
华硕灵耀X 双屏Pro 2023 13代酷睿标压 14.5英寸轻薄高性能笔记本电脑 2.8K双触控屏 i9-13900H 哑光黑 32G 1TB RTX4060,16999.00,100+
联想拯救者Y9000P 2023/22电竞游戏笔记本电脑 满血RTX4060/3060 旗舰酷睿i9 24核13900HX 16G 1TB 4060标配 16英寸专业电竞屏｜2.5K超清｜高刷新率,10199.00,10万+
"爱心东东
联想笔记本电脑V15 高性能小新品旗舰八核锐龙R7 15.6英寸游戏办公学生网课设计手提超轻薄本 旗舰八核R7-5700U 16G内存 512G固态 满血性能显卡 IPS全高清",3599.00,1万+
宏碁·未来 14英寸10核轻薄本 Evo认证 高色域屏 办公学生笔记本电脑(12代酷睿i5 16G 512G 雷电4 )灰,3168.00,1000+
联想笔记本电脑 超轻薄商务办公本 2023小新品锐龙R7 s15.6英寸全面大屏学生设计手提游戏本 八核R7-5700U 16G内存 512G固态 【广视角高清全面屏 精装升级,3288.00,1万+
华为（HUAWEI） 华为笔记本电脑MateBook D14 全面屏14英寸轻薄商务办公手提学生本 D14 SE银｜i5 8G+512G集显,3499.00,5万+
HUWI 国行【2023款英特尔四核 12代】金属笔记本电脑轻薄本大学生上网课设计学习商务办公游戏手提专用,2189.00,1万+
联想ThinkBook 14+ AMD锐龙标压笔记本电脑 全新2022款 14英寸标压轻薄本 R5-6600H 16G 512G 2.8K 90Hz Win11,3999.00,2000+
"京品电脑
小米笔记本电脑 红米 RedmiBookPro 14英寸 2.5K高清屏 轻薄本(8核R7 16G 512G 指纹识别 DC调光 正版office)",3999.00,20万+
宏碁（acer）宏基掠夺者擎neo暗影骑士擎Pro2023龙战斧高性能4060游戏本非凡X电脑 i5-12500H/3050Ti/4G/165HZ 精英版 16G 512G固态 官方标配,5599.00,2万+
神舟（HASEE）神舟战神Z8D6/S8/TX8 RTX4050/RTX4060独显满血版40系列新品游戏本电脑 S8D6高配版i7/1TB固态/4060 支持独显直连,6099.00,1000+
惠普HP 星Book Pro 英特尔酷睿i5 14英寸轻薄笔记本电脑(13代i5-13500H标压 16G 1TB 2.2K 背光键盘)银,4899.00,2000+
联想（Lenovo）拯救者Y9000P 2023 英特尔酷睿i9 16英寸游戏笔记本电脑(13代i9-13900HX 16G 1T RTX4060 2.5k 240Hz高色域),9999.00,5万+
华为笔记本电脑MateBook D 14 SE版 2022 14英寸 12代酷睿i5 16G 512G 轻薄本/护眼全面屏/手机互联 皓月银,4299.00,50万+
戴尔笔记本电脑dell灵越3520 15.6英寸高性能全面屏轻薄本(酷睿i5 16G 1TB 锐炬显卡 120Hz防眩光高刷屏)银,3699.90,5万+
神舟（HASEE）战神Z9R9 13代英特尔酷睿i9 15.6英寸游戏本 笔记本电脑(13代i9-13900H 16G 1TB RTX4070 165Hz 2.5K电竞屏),8278.00,2万+
联想ThinkBook 15 酷睿版15.6英寸高清屏 轻薄商务办公学生笔记本电脑 i5-1155G7 8G内存 512G固态硬盘 官方标配,3279.00,500+
得力（deli） 线圈本笔记本子日记本简约大学生考研练习本螺旋本b5大号加厚笔记本本子记事本错题摘抄 B5横线/2本装【共320页】,14.50,2000+
联想笔记本电脑V15 11代酷睿小新品超轻薄本 15.6英寸学生手提设计办公游戏本 i3-1115G4 8G内存+512G固态丨定制 IPS全高清屏 满血性能显卡 全尺寸键盘 千兆网口,2899.00,2万+
联想拯救者R7000P 专业电竞游戏本电脑y 学生设计本 旗舰标压锐龙八核十六线程 R7-6800H 16G 512 3050Ti升级 2.5K超清｜165Hz高刷新率 高色域专业电竞屏,6199.00,500+
戴尔（DELL） 13pro灵越5320 13.3英寸EVO颜值女生轻薄商务笔记本电脑高色域高清屏 i5-1240P/16G/512G/2.5K/银,4999.00,2000+
华硕灵耀14 2023 13代英特尔酷睿i7 Evo 2.8K OLED屏高颜值超轻薄商务办公笔记本电脑(i7-1360P 16G 512G)蓝,6298.00,2000+
联想笔记本电脑小新Pro14轻薄本 英特尔Evo 14英寸超能本(14核标压i9 16G 512G 2.8K高刷屏)银 商务办公学生,5899.00,20万+
七彩虹（Colorful）将星X17-XS 23新款17.3英寸游戏本12代i9电竞独显笔记本电脑学生设计 苍珀蓝丨i9-12900H/满血RTX3050Ti 16G内存/PCle 512G固态 官方,5599.00,500+
华硕笔记本电脑新款酷睿标压大屏游戏轻薄本手提电脑无畏15无畏16 无畏16 2023 银13代标压i5-13500H 配置二16G内存丨512G固态,4699.00,1万+
惠普HP 星Book Pro 英特尔酷睿i5 14英寸轻薄笔记本电脑(13代i5-13500H标压 16G 1TB 2.8K 90Hz OLED屏)银,5399.00,2000+
戴尔（DELL）戴尔（DELL）游匣G15 5520 12代酷睿15.6英寸高色域电竞屏游戏电脑 i7/16G/512G/3060/2K 240Hz 官方标配,7899.00,500+
华为笔记本电脑MateBook D 14 2022款 14英寸 11代酷睿 i5 16G+512G 轻薄本/护眼全面屏/手机互联 灰,4099.00,50万+
机械革命（MECHREVO）蛟龙16 Pro 16英寸游戏电竞笔记本电脑（R9-7945HX 16G 1T RTX4060 240HZ 2.5K 白）,8488.00,2万+
华为笔记本电脑MateBook 14 14英寸 锐龙版R5 16G 512G 2K触控全面屏/轻薄办公本/手机互联 深空灰,4099.00,1万+
惠普（HP）x360 1030G2 i7 二手笔记本电脑 银色时尚轻薄便携商务办公翻转笔记本电脑 9新1030G3 i7八代 8G-256G固态翻转 银色轻薄时尚高端本,3199.00,200+
晨光(M&G)文具B5/64张胶套本 记事本笔记本子 高颜值错题本 高中学生考研日记本 淡染系列4本装 APYSL58Q,24.80,2万+
火影 T6A 12代i7/RTX4060/4050/满血140W独显直连/16英寸/电竞游戏笔记本电脑 T6A:12代i7/4060/16G/1TB/2K,6294.00,2000+
惠普(HP)战66 六代2023酷睿14英寸(英特尔13代i7-1360P 32G 1T长续航高色域低功耗屏)高性能轻薄本电脑,5899.00,20万+
联想（Lenovo） 小新Pro14 2022款 英特尔酷睿i5/i9 高性能学生办公轻薄笔记本电脑 12代标配i5-12500H 16G 512G固态 丨2.8K高分屏丨120Hz丨锐炬Xe显卡丨皓,4699.00,2000+
得力(deli)25K100张商务笔记本子 活页本内页可拆卸换页灵活工作记事本子日记本皮面本办公用品 黑色3151,23.80,50万+
华硕灵耀X 双屏 高性能双触控屏 14英寸轻薄笔记本 100%sRGB 酷睿i7 16G 锐炬显卡 爵士蓝,6999.00,2000+
联想笔记本电脑办公轻薄本学生本15.6英寸V15 全新升级赛扬N4500/8G内存/256G高速固态,2499.00,1万+
外星人ALIENWARE m15R7 15.6英寸高端游戏本12代i7 16G 512G RTX3060 QHD 240Hz高刷屏轻薄电脑2763QB 精华版,11969.00,5000+
嘉然恒 笔记本本子高颜值定制A5商务软皮面记事本加厚笔记本子文具软面抄日记本工作日志会议记录本 深蓝色,9.90,5000+
华硕破晓2 15.6英寸高性能轻薄本 手提笔记本电脑商用办公本 12代酷睿i7 16G 512G 预装Office,4999.00,2000+
机械革命蛟龙17K/蛟龙15K/蛟龙16K 高刷电竞屏高性能满血4060独显直连学生设计编程游戏本电脑 蛟龙17KR7-7735H/4050/2K165H 游戏全能：16G+1T PCIE,5499.00,1000+
联想笔记本电脑ThinkPad X1 Nano 英特尔Evo平台 13英寸 11代酷睿i5 16G 512G 16:10微边框2K A面编织纹理,7999.00,2000+
国行【2023款英特尔可选酷睿】金属笔记本电脑轻薄本大学生上网课设计学习商务办公游戏手提 玫瑰金-高配英特尔四核+12代 IPS屏窄边全面屏 16G运行+51,2158.00,10万+
得力(deli)B5/80张无印风学生螺旋本线圈本 学生记事本日记本笔记本子文具 横线款LB580,8.60,20万+
得力(deli)A5/112张莫兰迪色系可插笔软皮面本 肤感雅致记事本日记本笔记本子文具 22290红色,18.90,10万+
"京品电脑
雷神911Air星战 15.6英寸游戏本 笔记本电脑(14核i7 16G 512G RTX3050Ti 144Hz 72%)",4998.00,2万+
联想拯救者R9000P 2023电竞游戏笔记本电脑y满血RTX4060 旗舰锐龙8大核R7-7745HX 16G内存 1TB固态 碳晶灰 标配版 16英寸超竞屏｜240Hz高刷｜2.5K超清,8999.00,5万+
2023款英特尔四核可选酷睿i7独显金属轻薄本笔记本电脑大学生网课学习设计绘图商务办公游戏手提 11代英特尔四核-IPS窄边框-全系列抗蓝光 6G运行内存（前20台升8G内存） 64G超速硬盘,799.00,500+
宏碁（acer）新暗影骑士·擎 15.6英寸游戏本笔记本电脑 高端玩家级(酷睿i5-12450H 16G 512G RTX4050 140W 165Hz高刷新),5966.00,2万+
华为笔记本电脑MateBook D 14 2022 12代酷睿版 i7 16G 512G 锐炬显卡/轻薄本/14英寸护眼全面屏/手机互联 银,5799.00,50万+
ThinkPad 联想ThinkBook 14/15英特尔酷睿i5 学生办公轻薄笔记本电脑 15.6英寸 i5-1155G7 512G0MCD,4299.00,1000+
联想（Lenovo）笔记本电脑 小新Air14 酷睿i5 高性能轻薄本 学生商务办公全面屏 升配:11代酷睿I5-1155G7｜512G,3199.00,2万+
机械革命（MECHREVO）旷世16/G16游戏本 英特尔酷睿i5/i7处理器全新RTX4050/4060电竞电脑 i7-12650H/4050/16G/1TB 16英寸|2.5K高清屏|240,5898.00,1000+
联想ThinkPad X1 Nano 英特尔酷睿i5 13英寸高性能轻薄商务笔记本 13代酷睿 i5-1340P 16G 512G 2K 4G,待发布,2000+
神舟（HASEE）战神Z7D6 12代英特尔酷睿i7 15.6英寸游戏本 笔记本电脑(12代i7-12650H 16G 512G RTX4050 165Hz 2.5K电竞屏),5788.00,5万+
玩家战神玩家战神RTX3060独显笔记本电脑游戏本骨灰级12代酷睿i9高端学生PS设计高刷大屏电竞本 11代酷睿i7-RTX3060满血独显 16G内存/512G PCI-E固态硬盘,6299.00,5000+
联想笔记本电脑小新16轻薄本 16英寸超薄本(6核高性能R5-7530U 16G 512G)灰 商务办公学生女生,3799.00,10万+
华为笔记本电脑MateBook D 14 2023 13代酷睿版 i5 16G 512G/轻薄办公本/14英寸护眼全面屏/手机互联 皓月银,4999.00,5万+
联想笔记本电脑YOGA Pro14s轻薄本英特尔酷睿i9 14.5英寸商务本(14核标压i9 32G 1T RTX3050 3K高刷触控屏)银,9999.00,2万+
联想（Lenovo）拯救者Y7000P 2023 英特尔酷睿 16英寸电竞游戏笔记本电脑(13代i5-13500H 16G 1T RTX4050 2.5K 165Hz高色域),6999.00,5万+
ROG枪神7 Plus 第13代英特尔酷睿i9 18英寸 星云屏 电竞游戏本笔记本电脑 RTX4070 16G 1TB SSD i9-13980HX 2.5K 240Hz 广色域,14999.00,1000+
华硕天选4 15.6英寸高性能骨灰级游戏本笔记本电脑 光追独显 13代i9/RTX4060/1TB/2.5K青 16G/高刷高色域电竞屏,9799.00,5000+
国行【2023款英特尔可选酷睿】金属笔记本电脑轻薄本大学生上网课设计学习商务办公游戏手提 高配英特尔四核+12代 IPS屏窄边全面屏+抗蓝光 16G运行+10,2448.00,10万+
联想拯救者R9000P 电竞游戏笔记本电脑y 满血版RTX3060独显 八核16线程 新锐龙 R7-5800H 16G 512G 标配版 16英寸 2.5K超高清｜165Hz专业电竞屏,7299.00,200+
惠普(HP)战66六代锐龙版14英寸(2023新锐龙R7-7730U 16G 512G 长续航高色域低蓝光屏)高性能轻薄本电脑,4299.00,20万+
荣耀（HONOR）笔记本电脑MagicBook 14超轻薄便携学生游戏本商务办公本 X14酷睿i5 16G 512G 2G独显,3999.00,1万+
神舟（HASEE）战神Z7/Z8/S8 英特尔酷睿i5/i7 RTX4050/4060/4070满血游戏电竞电脑 Z8D6电竞版 i7/16/512/4060 8G 高刷新,6899.00,2000+
联想小新Pro14 2022款高端轻薄本 120Hz高刷学生设计游戏笔记本电脑 12代酷睿标压 i5-12500H 16G 512G丨标配版 2.8K高清屏丨120Hz高刷新率,4588.00,200+
荣耀笔记本电脑MagicBook 14 15 锐龙版 商务办公学生轻薄性能本 15 八核R7-5700U 16G 512G 官方标配 性价比推荐,3029.00,5000+
S7系列高性能15.6英寸游戏本笔记本神州电竞屏商务办公学生手提电脑 Z7-TA7高配版 八核i7/16G/512G固态 RTX3050-4G光追独显丨高刷新电竞屏,3798.00,1万+
"线下同款
神舟（HASEE）战神Z7/G8/S8/Z8 RTX3050/RTX3060 独显满血游戏本学生电竞办公电脑 Z8-TA7电竞版 i7/16G/512/3060 官方授权",4498.00,2万+
晨光(M&G)文具a5笔记本本子 40张错题本高颜值缝线本记事本 初中学生英语日记本 学习用品 淡染4本装 FA5487,7.30,10万+
惠普(HP)战66 六代2023酷睿14英寸(英特尔13代i7-1355U 32G 1T RTX2050高色域低功耗)高性能轻薄本电脑,6699.00,20万+
ThinkPad 联想ThinkBook 16+ 13代英特尔Evo酷睿标压处理器 轻薄笔记本电脑 i7-13700H 32G 512G 集显0BCD,7299.00,2000+
联想（Lenovo）小新Pro16 超能本2023锐龙版 16英寸轻薄笔记本电脑 R7-7735HS 16G 1T 2.5K 鸽子灰,5966.00,2000+
华为MateBook E 二合一平板电脑笔记本学生网课学习超极本 灰丨i5 8G+256GB+磁吸键盘 搭载Win11系统+Office办公软件,3767.00,5000+
华为笔记本电脑MateBook 14 14.0英寸 12代酷睿i5 16G 1T 锐炬显卡/轻薄本/2K触控全面屏/手机互联 皓月银,5499.00,20万+
ROG魔霸7 Plus 17.3英寸 电竞游戏本笔记本电脑(R9 7845HX 液金导热 16G 1T RTX4060 240Hz P3广色域),9999.00,1万+
宏碁（acer） 暗影骑士·龙 高色域游戏笔记本电脑 AMD新锐龙7标压游戏本165hz高刷电竞屏 R7-6800H-16G-512G-RTX3050,5979.00,2000+
戴尔（DELL） 灵越14pro笔记本电脑14英寸成就3420学生网课游戏设计轻薄办公商务手提电脑 i5-1135G7 高性能锐炬Xe集显 16G内存 512G固态 定制,3299.00,1万+
誉品笔记本本子 牛皮pp封面线圈本 学生用日记本大学生考研练习本螺旋本加厚记事本文具用品 A5横线PP本/3本装【共360页】,8.90,10万+
"爱心东东
苹果（Apple） macbook pro 13.3英寸 2022款 新款m2芯片 苹果笔记本电脑 金属银【2022款】 M2芯片【8核+10核】8G+256G",8699.00,5000+
"京品电脑
宏碁(Acer)墨舞EX215 15.6英寸轻薄大屏办公笔记本(英特尔四核N5100 8G 256GSSD 全高清防眩光雾面屏 Win11)",2199.00,5000+
联想Thinkpad（独显）二手笔记本电脑T430 绘图便携轻薄本 游戏娱乐本 14英寸商务办公本 2】9新 i5 16G 120G+500G推荐款,1349.00,5000+
国誉(KOKUYO)一米新纯B5活页本办公笔记本子活页纸可替换附索引页 40张 米色 WSG-RUSP11LY,28.88,20万+
"线下同款
苹果（Apple） macbook pro 14英寸 2021新款m1pro芯片苹果笔记本电脑 深空灰【2021款】 14寸 M1 Pro【8核+14核】16G+512",10998.00,1万+
惠普(HP)暗影精灵8Pro 16.1英寸游戏笔记本电脑(12代酷睿i7-12700H RTX3060 6G独显 16GDDR5 512G 144Hz),7199.00,10万+
神舟（HASEE）战神S7T-TA7NP 11代英特尔酷睿i7 15.6英寸游戏本 笔记本电脑(11代i7-11800H 16G 512G RTX3050Ti 144Hz),4488.00,5万+
齐心（COMIX）A5/30张软抄本笔记本子文具/软面抄/工作记事本办公用品 10本装 C4502,11.70,10万+
联想Thinkpad X280 X270 二手笔记本 i5/i7轻薄办公超薄本 超极本商务笔记本电脑 95新X390 i7四核 16G-1T固态触屏背光 高端商务成色好,4399.00,500+
法拉蒙 笔记本本子A5皮面加厚本子记事本商务简约办公会议记录本笔记本子文具定制 A5雅典黑,12.80,5000+
惠普HP 星13Air锐龙版 13.3英寸轻薄笔记本电脑(8核锐龙R7-5825U 16G 512G 2.5K高分屏 960g轻盈机身 银色),4899.00,5000+
Apple【A+会员专享】 MacBook Air 13.6 8核M2芯片(8核) 8G 256G SSD 午夜色 笔记本电脑 MLY33CH/A,8199.00,5万+
七彩虹（Colorful）将星X17 AT 12代英特尔酷睿i7 17.3英寸游戏本3060直连笔记本学生设计剪辑专业电脑 16G/512固态 I7 12650H+3060 苍珀蓝,5094.00,200+
宏碁暗影骑士龙 15.6英寸游戏本玩家级 165Hz高刷新笔记本电脑(新锐龙R7-6800H 16G-DDR5 512G 满血RTX3050),4539.00,5000+
华硕(ASUS) 破晓2 15.6英寸轻薄商务办公学生指纹识别笔记本电脑(12代i5-1235U 16G 1T+512G 雷电4 ),3769.00,5000+
华硕a豆14 12代i5标压 高性能办公学生轻薄笔记本电脑 i5标压 16G 512G 星际银海,3999.00,5000+
机械革命极光Pro/蛟龙15 RTX4050/4060显卡满血电竞学生游戏本15.6英寸轻薄设计电脑 蛟龙15|R5-6600H|3050|165Hz 官方标配：16G 512G PCIE高速固,4096.00,2万+
法拉蒙（faramon）5本装B5横线笔记本子简约初高中大学生考研软面抄软抄本车线本记事本加厚缝线本 深色款,16.80,2万+
联想ThinkBook 14+ 英特尔酷睿i5 14英寸标压高性能轻薄笔记本电脑i5-12500H 16G 512G RTX2050 2.8K 90Hz,5999.00,10万+
ThinkPad 联想ThinkBook 14/15锐龙版 商务办公轻薄笔记本电脑 高色域屏 14英寸R7 16G F0CD 预装office,4099.00,2万+
晨光(M&G)文具a5笔记本本子 40张错题本高颜值缝线本记事本 初中学生英语日记本 学习用品 淡染4本装 FA5487,7.30,10万+
惠普(HP)战66 六代2023酷睿14英寸(英特尔13代i7-1355U 32G 1T RTX2050高色域低功耗)高性能轻薄本电脑,6699.00,20万+
华为笔记本电脑MateBook D 14 2022款 14英寸 11代酷睿 i5 16G+512G 轻薄本/护眼全面屏/手机互联 银,4099.00,50万+
"京品电脑
华为笔记本电脑MateBook D 14 SE版 14英寸 11代酷睿 i5 8G+512G 轻薄本/高清护眼防眩光屏/手机互联 银",3399.00,50万+
"京品电脑
小米笔记本电脑 红米 RedmiBookPro 14英寸 2.5K高清屏 高性能轻薄本(R5 16G 512G 商务办公 长续航 全金属)",3246.00,20万+
"京品电脑
联想笔记本电脑 小新Air14 英特尔酷睿i5 14英寸轻薄本(i5 16G 512G 高色域 大电池)银 商务办公手提电脑",3499.00,20万+
惠普（HP）暗影精灵9 Intel 16.1英寸游戏本 笔记本电脑(13代i9-13900HX RTX4060 16G 1TBSSD 2.5K 240Hz),8999.00,10万+
"京品电脑
华硕Vivobook15 英特尔酷睿i3 15.6英寸高清大屏学生网课轻薄笔记本电脑(i3 8G 256G 低蓝光 护眼屏 WIN11)银",2299.00,1万+
ROG幻16 2023 第13代英特尔酷睿i9 16英寸 星云屏 设计师轻薄高性能游戏本笔记本电脑(i9-13900H 16G 1T RTX4060 2.5K 240Hz P3广色域)灰,11999.00,1万+
联想（Lenovo）小新16 2023酷睿版 16英寸轻薄笔记本电脑 i5-12450H 16G 512G FHD,4199.00,2000+
联想ThinkBook 14+ 2023款 13代酷睿i5英特尔Evo平台 14英寸标压轻薄笔记本i5-13500H 16G 512G 2.8K 90Hz,5299.00,10万+
联想（Lenovo）拯救者Y9000P 2023 英特尔酷睿i9 16英寸游戏笔记本电脑(13代i9-13900HX 16G 1T RTX4060 2.5k 240Hz高色域),9999.00,5万+
联想笔记本电脑小新14轻薄本 英特尔酷睿i5 14英寸超薄本(13代标压i5-13500H 16G 512G)灰 商务办公学生女生,4299.00,20万+
"京品电脑
荣耀MagicBook 14 锐龙版 14英寸6核锐龙R5轻薄笔记本电脑 16G大内存 512G 冰河银 多屏协同 高色域",3099.90,5万+
免费刻字！免费开票！买就送签字笔！,10.80,5万+
联想（Lenovo）拯救者Y7000P 2023 英特尔酷睿i7 16英寸电竞游戏笔记本电脑(13代i7-13700H 16G 1T RTX4060 2.5K高刷高色域),7999.00,5万+
联想（Lenovo）拯救者Y7000P 2023 英特尔酷睿 16英寸电竞游戏笔记本电脑(13代i5-13500H 16G 1T RTX4050 2.5K 165Hz高色域),6999.00,5万+
联想笔记本电脑小新Pro16轻薄本 英特尔酷睿i5 16英寸超能本(12核标压i5 16G 512G 2.5K高刷屏)银 商务办公,4999.00,20万+
惠普(HP)战66 六代2023酷睿15.6英寸(英特尔13代i5-1340P 16G 1T 2.5K高色域屏120HZ)高性能轻薄本电脑,4899.00,20万+
"京品电脑
联想笔记本电脑小新Pro14轻薄本 英特尔Evo 14英寸超能本(12核标压i5 16G 512G 2.8K高刷屏)银 商务办公学生",4799.00,20万+
华为笔记本电脑MateBook D16 2023 13代酷睿版 i5 16G 1T/轻薄商务办公本/16英寸护眼全面屏/手机互联 皓月银,5699.00,5万+
联想笔记本电脑小新Pro14轻薄本 英特尔酷睿i5 14英寸超能本(13代标压i5-13500H 16G 1T 2.8K高刷屏)灰 办公,5499.00,20万+
联想笔记本电脑小新Pro16轻薄本 英特尔Evo 16英寸超能本(14核标压i9 16G 512G 2.5K高刷屏)银 商务办公学生,5999.00,20万+
AppleMacBookAir【教育优惠】13.3 8核M1芯片(7核图形处理器) 8G 256G SSD 深空灰 电脑 MGN63CH/A,7199.00,20万+
"京品电脑
华硕无畏Pro15 2.8K 120Hz OLED屏新锐龙标压游戏轻薄笔记本电脑(R7-6800H 16G 512G RTX3050高色域)银",5499.00,2万+
联想笔记本电脑小新Pro14轻薄本 英特尔酷睿i5 14英寸超能本(13代标压i5-13500H 32G 1T 2.8K高刷屏)灰 办公,5999.00,20万+
信笔 商务办公笔记本文具加厚带扣记事本a5简约32K本子定制logo A5金扣单本-灰色,12.80,1万+
联想笔记本电脑IdeaPad 15轻薄本 15.6英寸全能本(8核R7 8G 512G 全高清防眩光屏)银 商务办公学生女生,2999.00,10万+
华硕灵耀14 2023 13代英特尔酷睿i7 Evo 2.8K OLED屏高颜值超轻薄商务办公笔记本电脑(i7-1360P 16G 512G)银,5894.00,2000+
Apple MacBook Air 13.3 八核M1芯片(7核图形处理器) 8G 256G SSD 深空灰 笔记本电脑 MGN63CH/A,7999.00,20万+
荣耀笔记本电脑MagicBook X 16 Pro 2023 13代酷睿标压i5-13500H 16+1T 16吋高性能轻薄本 大电池 手机互联,4699.00,1万+
联想（Lenovo） IdeaPad 15 锐龙版 15.6英寸办公轻薄笔记本电脑 R5-5500U 8G512G 全高清防眩光屏,2949.00,1万+
联想 拯救者 15.6寸大屏Y7000/ R720高刷电竞屏吃鸡永劫设计游戏本二手笔记本电脑 95新 ②力荐i5-6代 独显GTX950-4G独显 标配8G内存+512G固态,1968.00,1万+
得力(deli)16K/120张羊巴皮笔记本子 加厚软面皮面本记事本日记本办公用品 灰色3345,18.00,20万+
朗捷（longe）【4本装】商务笔记本本子羊巴皮面记事本笔记本文具加厚日记本会议记录本可定制logo 4本通用装A5（黑色1，棕色1，卡其色1，酒红1）,29.80,20万+
机械革命（MECHREVO）蛟龙16K 16英寸游戏电竞笔记本电脑（R7-7735H 16G 512G RTX4050 165HZ 2.5K）,5499.00,2万+
机械革命（MECHREVO）极光Pro 15.6英寸游戏本 笔记本电脑(i7-12650H 16G 512G RTX4060 165HZ 2.5K屏),6488.00,10万+
联想（Lenovo）拯救者R9000P 2023 16英寸电竞游戏笔记本电脑(R7-7745HX 16G 1T RTX4060 2.5k 240Hz高色域)碳晶灰,8999.00,10万+
华硕天选4 15.6英寸高性能骨灰级游戏本笔记本电脑 光追独显 14核i7/RTX4060/512G/2.5K灰 16G/高刷高色域电竞屏,8299.00,5000+
机械革命（MECHREVO）蛟龙16K 16英寸游戏电竞笔记本电脑（R7-7735H 16G 512G RTX4060 165HZ 2.5K）,6499.00,2万+
小米 Redmi G Pro 锐龙版 2.5K 240hz 游戏本笔记本电脑(R7-6800H 16G 512G RTX3060 100%sRGB高色域电竞屏),5729.00,2万+
ROG魔霸新锐 2023 第13代英特尔酷睿i7 16英寸 星云屏 电竞游戏本笔记本电脑(i7-13650HX 液金导热16G 1T RTX4060 2.5K 240Hz P3广色域),10499.00,1万+
ROG幻16 2023 第13代英特尔酷睿i9 16英寸 星云屏 设计师轻薄高性能游戏本笔记本电脑(i9-13900H 16G 1T RTX4060 2.5K 240Hz P3广色域)灰,11999.00,1万+
惠普（HP）暗影精灵9 Intel 16.1英寸游戏本 笔记本电脑(13代i5-13500HX RTX4060 16G 512GSSD 2.5K 240Hz),8299.00,10万+
宏碁(Acer) 14英寸笔记本电脑 金属轻薄便携高性能学生网课商用办公(i7 锐炬显卡 16G 512G IPS屏幕 Wifi6),3799.00,1000+
联想拯救者R9000P 16英寸游戏笔记本电脑(8核16线程R7-6800H 16G 512G RTX3060 2.5k 165Hz高色域)灰,7098.00,20万+
神舟（HASEE）战神S8 12代英特尔酷睿i7 15.6英寸游戏本 笔记本电脑(12代i7-12650H 16G 512G RTX4060 144Hz),5688.00,2万+
机械革命（MECHREVO）旷世16 Super 13代英特尔酷睿i9 16英寸游戏本笔记本电脑(i9-13900HX 32G 1T RTX4070 240HZ 2.5K屏),9499.00,10万+
ROG魔霸7 Plus 17.3英寸 电竞游戏本笔记本电脑(R9 7845HX 液金导热 16G 1T RTX4060 240Hz P3广色域),9999.00,1万+
"京品电脑
戴尔（DELL）游匣G15 15.6英寸游戏本 笔记本电脑(14核i7 16G 512G RTX3060 165Hz高色域电竞屏)黑",6799.90,5万+
英特尔13代高性能笔记本电脑全能本,2298.00,2000+
华硕（ASUS）天选4 锐龙版 15.6英寸高性能电竞游戏本 笔记本电脑(新R7-7735H 16G 512G RTX4060 144Hz高色域电竞屏)青,7499.00,1万+
惠普（HP）暗影精灵9 Plus 高能版 游戏本 17.3英寸笔记本电脑(i9-13900HX RTX4080 32G 1TSSD 2.5K 240Hz),15499.00,10万+
惠普（HP）暗影精灵9 Intel 16.1英寸游戏本 笔记本电脑(13代i7-13700HX RTX4050 16G 512GSSD 165Hz),7799.00,10万+
机械革命（MECHREVO）蛟龙16 Pro 16英寸游戏电竞笔记本电脑（R9-7845HX 16G 1T RTX4060 240HZ 2.5K 灰）,7699.00,2万+
ROG魔霸7 Plus 17.3英寸 电竞游戏本笔记本电脑(R9 7845HX 液金导热 16G 1T RTX4070 240Hz P3广色域),11999.00,1万+
联想ThinkBook 14+ 2023款 13代酷睿i5英特尔Evo平台 14英寸标压轻薄笔记本i5-13500H 16G 512G 2.8K 90Hz,5299.00,10万+
小米游戏本 红米 RedmiG 16英寸 高性能手提笔记本电脑(酷睿i5 16G RTX3050满血 2.5K 165Hz高刷屏 DDR5高频内存),4619.00,2万+
ROG枪神7 第13代英特尔酷睿i9 16英寸 星云屏 电竞游戏本笔记本电脑(i9-13980HX 液金导热 16G 1T RTX4060 2.5K 240Hz P3广色域),11999.00,5000+
联想（Lenovo）拯救者Y7000P 2023 16英寸电竞游戏本笔记本电脑 i7-13700H 16G 1T RTX4060,8329.00,1000+
宏碁（acer）掠夺者·擎Neo 16英寸2.5K电竞游戏本 第13代酷睿H55 工作站级笔记本电脑(14核i5-13500HX 16G 512G RTX4060),7999.00,2万+
神舟（HASEE）战神Z7-TA7NP 11代英特尔酷睿i7 15.6英寸游戏本 笔记本电脑(11代i7-11800H 16G 512G RTX3050 144Hz),3988.00,5万+
联想ThinkBook16+ 12代英特尔酷睿处理器 轻薄本,5899.00,1000+
惠普(HP)战66六代锐龙版14英寸(2023新锐龙R5-7530U 16G 512G 长续航高色域低蓝光屏)高性能轻薄本电脑,3999.00,20万+
七彩虹（Colorful）将星X15-AT 13代英特尔酷睿i7 15.6英寸游戏本 笔记本电脑(i7-13700HX 16G 512G RTX4070 165Hz 2.5K）雷震紫,8688.00,1万+
机械革命（MECHREVO）极光E/极光Z/极光Pro 12代独显3050 4060学生游戏本15.6英寸高刷电竞电脑 极光E-i7/4060/2.5K/165Hz 【官方标配】16G/NVMe,6099.00,5000+
华硕（ASUS）天选4 英特尔酷睿i7 15.6英寸高性能电竞游戏本笔记本电脑(14核i7 16G 512G RTX4060 2.5K 165Hz P3广色域)灰,8299.00,2万+
华硕无畏15 2023 13代酷睿i5标压 15.6英寸轻薄便携大屏高性能办公笔记本电脑(i5-13500H 16G 512G 护眼屏)银,4399.00,5万+
惠普HP840G3 G5 830G5 银白色 13寸14寸轻薄便携网课商务办公本二手笔记本电脑全固态 1】9新G3-i5-8G-256G-14寸-实惠版,1399.00,2000+
机械革命（MECHREVO）极光Z 12代英特尔酷睿i7 15.6英寸游戏本 笔记本电脑(i7-12650H 16G 512G RTX3050 165Hz),4988.00,10万+
华为笔记本电脑MateBook D 14 2022 12代酷睿版 i5 16G 512G 锐炬显卡/轻薄本/14英寸护眼全面屏/手机互联 银,4599.00,50万+
"京品电脑
惠普(HP)战66 锐龙版14英寸(全新7nm锐龙R5-5625U 16G 512G 长续航 高色域低功耗屏)高性能轻薄本电脑",3699.00,20万+
华硕（ASUS）天选3 12代英特尔酷睿i7 15.6英寸游戏本 笔记本电脑(i7-12700H 16G 512G RTX3050 144Hz高色域屏)灰,6499.00,10万+
小米游戏本 红米 RedmiG 16英寸 高性能笔记本电脑(酷睿i7 16G RTX3050满血 2.5K 165Hz高刷屏 DDR5高频内存),5149.00,2万+
华硕灵耀X 双屏 高性能双触控屏 14英寸笔记本电脑高端轻薄本 商用办公 酷睿i5 16G 512G双雷电4版,5999.00,5000+
小米笔记本电脑 红米 RedmiBook Pro14 锐龙版 2.5K-120hz高刷屏 商务办公本(R5-6600H标压 16G-LPDDR5 512G),3527.00,20万+
联想笔记本电脑小新Pro16轻薄本 16英寸超能本(8核标压R7-7735HS 16G 1T 2.5K高刷屏)灰 商务办公学生女生,5599.00,10万+
荣耀笔记本MagicBook X 14 2022 14英寸全面屏轻薄笔记本电脑 （i5 8GB 512GB多屏协同）冰河银,2999.90,5万+
联想（Lenovo）GeekPro G5000 15.6英寸电竞游戏笔记本电脑(13代i7-13700H 16G 1T RTX4060 2.5k 165Hz高色域)钛晶灰,8699.00,5万+
"京品电脑
荣耀笔记本MagicBook X 14 2022 14英寸全面屏轻薄笔记本电脑 （i5 16GB 512GB多屏协同）冰河银",3499.90,5万+
HUWI 国行【2023款英特尔四核 12代】金属笔记本电脑轻薄本大学生上网课设计学习商务办公游戏手提,2249.00,1万+
华为笔记本电脑MateBook D 15 2022 12代酷睿版 15.6英寸 i5 16G 512G 护眼全面屏/轻薄本/手机互联 皓月银,4699.00,50万+
荣耀笔记本电脑MagicBook 14 2023 13代酷睿高性能轻薄本 标压i5-13500H 16G 512G 2.5K高刷屏 手机互联,4999.00,2000+
"爱心东东
国行【2023款英特尔可选酷睿】15.6英寸笔记本电脑轻薄本学生办公超薄便携高性能游戏本手提豆小谷 英特尔11代四核+IPS屏+抗蓝光 8G内存/128G超速硬盘",999.00,2万+
机械革命旷世G16 玩家级i7高端性能 游戏本2023新品4060 4050显卡系笔记本电脑 旷世G16 i7-12650H满功耗4060-8G 16G|512GPCIE高刷240Hz|2.5K 16,6298.00,2000+
机械革命（MECHREVO）蛟龙15K/7 15.6英寸高性能高端游戏本玩家级满血4050 4060显卡发烧级独显直连电脑 R5-6600H/4050/165/100%色域 【官方标配】16G/,4798.00,5000+
【酷睿i9+4G独显GTX1650】16.1英寸独立显卡游戏本轻薄款八核超级笔记本电脑电竞办公快速者 酷睿i7八核+GTX1650独显4G 16G运行内存+1024G固态存储,5099.00,500+
联想（Lenovo）小新Pro14标压12代酷睿超轻薄笔记本电脑学生办公设计网课 i9-12900H 16G 512G 标配 14英寸｜2.8K｜高刷｜高色域屏,4899.00,5万+
惠普HP 星Book 15.6英寸大屏办公轻薄笔记本电脑(13代i5-1340P 16G 1TB 锐炬显卡 通过6项可靠性测试)银色,3999.00,2万+
联想笔记本电脑IdeaPad 15轻薄本 15.6英寸全能本(8核R7 16G 512G 全高清防眩光屏)银 商务办公学生女生,3499.00,10万+
神舟（HASEE）战神Z8R9 13代英特尔酷睿i9 15.6英寸游戏本 笔记本电脑(13代i9-13900H 16G 1TB RTX4060 165Hz 2.5K电竞屏),7488.00,2万+
ROG枪神7 超竞版 第13代英特尔酷睿i9 16英寸 星云屏 电竞游戏本笔记本电脑(i9-13980HX 液金导热 16G 1T RTX4080 2.5K 240Hz P3广色域),18999.00,2000+
HUWI 国行【2023款英特尔四核11代】金属笔记本电脑轻薄本大学生上网课设计学习商务办公游戏手提,1899.00,1万+
惠普(HP)战99 2022锐龙 15.6英寸高性能笔记本电脑设计师本工作站 R7-6800H 16G 512G T600 144Hz 高色域,4999.00,2万+
惠普(HP)暗影精灵8Pro 16.1英寸游戏本电脑(12代酷睿i5-12500H RTX3050 4G独显 16G 512GSSD),5799.00,10万+
Apple【A+会员专享】 MacBook Air 13.3 八核M1芯片(7核图形) 8G 256G SSD 深空灰 电脑 MGN63CH/A,6199.00,20万+
惠普(HP)锐14 新AMD锐龙 14英寸(六核R5-7530U 8G 512G 指纹识别 一年上门 通过13项军标认证)轻薄电脑,2999.00,1万+
【2023款英特尔+酷睿i7】15.6英寸笔记本电脑轻薄本网课商务办公集成显卡游戏本大学生手提品弘本 流光银丨高配英特尔四核11代+IPS全面屏+抗蓝光 8G内,960.00,2万+
华为笔记本电脑MateBook D 14 SE版 14英寸 11代酷睿 i5 8G+512G 轻薄本/高清护眼防眩光屏/手机互联 银,3399.00,50万+
联想ThinkBook14+锐龙版 可选2023款 小新轻薄办公笔记本电脑pro游戏本 R7-6800H 2.8K 16G内存 512G固态 标配,4499.00,1万+
联想拯救者Y7000P 2023款16英寸专业电竞游戏本 满功耗RTX4050-6G独显 13代标压酷睿 i5-13500H 16G 1TB 标配版 16英寸电竞屏｜2.5K｜165Hz,7088.00,1万+
联想拯救者R7000P 15.6英寸游戏笔记本电脑(8核16线程R7-6800H 16G 512G RTX3050 2.5k 165Hz高色域)灰,6499.00,10万+
华硕无畏Pro14 12代酷睿标压 2.8K OLED 游戏轻薄本笔记本 12代i5标压 16G 512G RTX3050银,5469.00,2000+
华硕无畏16 2023 13代酷睿标压 16英寸大学生手提办公本笔记本电脑轻薄本商务 i5-13500H 16G 512G 护眼屏 银,4649.00,1000+
华硕灵耀X 双屏Pro 2023 13代酷睿标压 14.5英寸轻薄高性能笔记本电脑 2.8K双触控屏 i9-13900H 哑光黑 32G 1TB RTX4060,16999.00,100+
"京品电脑
华为笔记本电脑MateBook 13 2021款 2K全面屏 11代酷睿i5 16G 512G 锐炬显卡/多屏协同/13英寸轻薄本 皓月银",4499.00,20万+
惠普(HP)战99 2022 15.6英寸高性能笔记本电脑设计师创作本工作站 12代i5-12500H 16G 512G RTX3050Ti 高色域,5999.00,2万+
惠普(HP)战66 六代2023酷睿15.6英寸(英特尔13代i5-1340P 32G 1T 2.5K高色域屏120HZ)高性能轻薄本电脑,5299.00,20万+
神舟（HASEE）战神Z7/Z8/S8 英特尔酷睿i5/i7 RTX4050/4060/4070满血游戏电竞电脑 S8D6电竞版 i7/16/512/4060 8G 高刷新,6299.00,2000+
小米 Xiaomi Book Air 13 2.8K OLED高清屏笔记本电脑(酷睿i5 16G 512G 翻转触控屏 正版office 办公长续航),4608.00,1万+
HUWI 国行【2023款英特尔四核 12代】金属笔记本电脑轻薄本大学生上网课设计学习商务办公游戏手提专用,2189.00,1万+
联想拯救者Y9000P 2023/22电竞游戏笔记本电脑 满血RTX4060/3060 旗舰酷睿i9 24核13900HX 16G 1TB 4060标配 16英寸专业电竞屏｜2.5K超清｜高刷新率,10199.00,10万+
"爱心东东
联想笔记本电脑V15 高性能小新品旗舰八核锐龙R7 15.6英寸游戏办公学生网课设计手提超轻薄本 旗舰八核R7-5700U 16G内存 512G固态 满血性能显卡 IPS全高清",3599.00,1万+
宏碁·未来 14英寸10核轻薄本 Evo认证 高色域屏 办公学生笔记本电脑(12代酷睿i5 16G 512G 雷电4 )灰,3168.00,1000+
联想笔记本电脑 超轻薄商务办公本 2023小新品锐龙R7 s15.6英寸全面大屏学生设计手提游戏本 八核R7-5700U 16G内存 512G固态 【广视角高清全面屏 精装升级,3288.00,1万+
华为（HUAWEI） 华为笔记本电脑MateBook D14 全面屏14英寸轻薄商务办公手提学生本 D14 SE银｜i5 8G+512G集显,3499.00,5万+
HUWI 国行【2023款英特尔可选酷睿】金属笔记本电脑轻薄本大学生上网课设计学习商务办公游戏手提 高配英特尔四核+12代 IPS屏窄边全面屏+抗蓝光 8G运行+256G超速硬盘,1658.00,10万+
联想ThinkBook 14+ AMD锐龙标压笔记本电脑 全新2022款 14英寸标压轻薄本 R5-6600H 16G 512G 2.8K 90Hz Win11,3999.00,2000+
"京品电脑
小米笔记本电脑 红米 RedmiBookPro 14英寸 2.5K高清屏 轻薄本(8核R7 16G 512G 指纹识别 DC调光 正版office)",3999.00,20万+
宏碁（acer）宏基掠夺者擎neo暗影骑士擎Pro2023龙战斧高性能4060游戏本非凡X电脑 i5-12500H/3050Ti/4G/165HZ 精英版 16G 512G固态 官方标配,5599.00,2万+
神舟（HASEE）神舟战神Z8D6/S8/TX8 RTX4050/RTX4060独显满血版40系列新品游戏本电脑 S8D6高配版i7/1TB固态/4060 支持独显直连,6099.00,1000+
惠普HP 星Book Pro 英特尔酷睿i5 14英寸轻薄笔记本电脑(13代i5-13500H标压 16G 1TB 2.2K 背光键盘)银,4899.00,2000+
惠普 战66 六代 酷睿14英寸 16G 1T 笔记本,4599.00,20万+
华为笔记本电脑MateBook D 14 SE版 2022 14英寸 12代酷睿i5 16G 512G 轻薄本/护眼全面屏/手机互联 皓月银,4299.00,50万+
戴尔笔记本电脑dell灵越3520 15.6英寸高性能全面屏轻薄本(酷睿i5 16G 1TB 锐炬显卡 120Hz防眩光高刷屏)银,3699.90,5万+
神舟（HASEE）战神Z9R9 13代英特尔酷睿i9 15.6英寸游戏本 笔记本电脑(13代i9-13900H 16G 1TB RTX4070 165Hz 2.5K电竞屏),8278.00,2万+
联想ThinkBook 15 酷睿版15.6英寸高清屏 轻薄商务办公学生笔记本电脑 i5-1155G7 8G内存 512G固态硬盘 官方标配,3279.00,500+
得力（deli） 线圈本笔记本子日记本简约大学生考研练习本螺旋本b5大号加厚笔记本本子记事本错题摘抄 B5横线/2本装【共320页】,14.50,2000+
2023款英特尔四核可选酷睿i7独显金属轻薄本笔记本电脑大学生网课学习设计绘图商务办公游戏手提 11代英特尔四核-IPS窄边框-全系列抗蓝光 6G运行内存（前20台升8G内存） 64G超速硬盘,799.00,500+
联想拯救者R7000P 专业电竞游戏本电脑y 学生设计本 旗舰标压锐龙八核十六线程 R7-6800H 16G 512 3050Ti升级 2.5K超清｜165Hz高刷新率 高色域专业电竞屏,6199.00,500+
戴尔（DELL） 13pro灵越5320 13.3英寸EVO颜值女生轻薄商务笔记本电脑高色域高清屏 i5-1240P/16G/512G/2.5K/银,4999.00,2000+
华硕灵耀14 2023 13代英特尔酷睿i7 Evo 2.8K OLED屏高颜值超轻薄商务办公笔记本电脑(i7-1360P 16G 512G)蓝,6298.00,2000+
联想笔记本电脑小新Pro14轻薄本 英特尔Evo 14英寸超能本(14核标压i9 16G 512G 2.8K高刷屏)银 商务办公学生,5899.00,20万+
七彩虹（Colorful）将星X17-XS 23新款17.3英寸游戏本12代i9电竞独显笔记本电脑学生设计 苍珀蓝丨i9-12900H/满血RTX3050Ti 16G内存/PCle 512G固态 官方,5599.00,500+
攀升 暴风龙P3 14.1英寸IPS英特尔新款商务办公入门游戏手提轻薄本笔记本电脑 【买手力荐】 8核i3-N305 16G 512G【win11】,2849.00,200+
惠普HP 星Book Pro 英特尔酷睿i5 14英寸轻薄笔记本电脑(13代i5-13500H标压 16G 1TB 2.8K 90Hz OLED屏)银,5399.00,2000+
戴尔（DELL）戴尔（DELL）游匣G15 5520 12代酷睿15.6英寸高色域电竞屏游戏电脑 i7/16G/512G/3060/2K 240Hz 官方标配,7899.00,500+
华为笔记本电脑MateBook D 14 2022款 14英寸 11代酷睿 i5 16G+512G 轻薄本/护眼全面屏/手机互联 灰,4099.00,50万+
机械革命（MECHREVO）蛟龙16 Pro 16英寸游戏电竞笔记本电脑（R9-7945HX 16G 1T RTX4060 240HZ 2.5K 白）,8488.00,2万+
华为笔记本电脑MateBook 14 14英寸 锐龙版R5 16G 512G 2K触控全面屏/轻薄办公本/手机互联 深空灰,4099.00,1万+
戴尔（DELL） 游匣G15 5511 5520 15.6英寸窄边框轻薄标压游戏本笔记本电脑 新锐龙R5-6600H RTX3050 4G独显 16G内存 512GPCIE固态 标配版,4489.00,2万+
晨光(M&G)文具B5/64张胶套本 记事本笔记本子 高颜值错题本 高中学生考研日记本 淡染系列4本装 APYSL58Q,24.80,2万+
火影 T6A 12代i7/RTX4060/4050/满血140W独显直连/16英寸/电竞游戏笔记本电脑 T6A:12代i7/4060/16G/1TB/2K,6294.00,2000+
惠普(HP)战66 六代2023酷睿14英寸(英特尔13代i7-1360P 32G 1T长续航高色域低功耗屏)高性能轻薄本电脑,5899.00,20万+
联想（Lenovo） 小新Pro14 2022款 英特尔酷睿i5/i9 高性能学生办公轻薄笔记本电脑 12代标配i5-12500H 16G 512G固态 丨2.8K高分屏丨120Hz丨锐炬Xe显卡丨皓,4699.00,2000+
得力(deli)25K100张商务笔记本子 活页本内页可拆卸换页灵活工作记事本子日记本皮面本办公用品 黑色3151,23.80,50万+
华硕笔记本电脑新款酷睿标压大屏游戏轻薄本手提电脑无畏15无畏16 无畏15 2023 银13代标压i5-13500H 配置二16G内存丨512G固态,4499.00,1万+
联想笔记本电脑办公轻薄本学生本15.6英寸V15 全新升级赛扬N4500/8G内存/256G高速固态,2499.00,1万+
外星人ALIENWARE m15R7 15.6英寸高端游戏本12代i7 16G 512G RTX3060 QHD 240Hz高刷屏轻薄电脑2763QB 精华版,11969.00,5000+
嘉然恒 笔记本本子高颜值定制A5商务软皮面记事本加厚笔记本子文具软面抄日记本工作日志会议记录本 深蓝色,9.90,5000+
华硕破晓2 15.6英寸高性能轻薄本 手提笔记本电脑商用办公本 12代酷睿i7 16G 512G 预装Office,4999.00,2000+
机械革命蛟龙17K/蛟龙15K/蛟龙16K 高刷电竞屏高性能满血4060独显直连学生设计编程游戏本电脑 蛟龙17KR7-7735H/4050/2K165H 游戏全能：16G+1T PCIE,5499.00,1000+
惠普(HP)战99 2022 15.6英寸高性能笔记本电脑设计师创作本工作站 12代i7-12700H 32G 1TSSD RTX A2000 4K屏,12499.00,2万+
国行【2023款英特尔可选酷睿】金属笔记本电脑轻薄本大学生上网课设计学习商务办公游戏手提 玫瑰金-高配英特尔四核+12代 IPS屏窄边全面屏 16G运行+51,2158.00,10万+
得力(deli)B5/80张无印风学生螺旋本线圈本 学生记事本日记本笔记本子文具 横线款LB580,8.60,20万+
得力(deli)A5/112张莫兰迪色系可插笔软皮面本 肤感雅致记事本日记本笔记本子文具 22290红色,18.90,10万+
"京品电脑
雷神911Air星战 15.6英寸游戏本 笔记本电脑(14核i7 16G 512G RTX3050Ti 144Hz 72%)",4998.00,2万+
联想拯救者R9000P 2023电竞游戏笔记本电脑y满血RTX4060 旗舰锐龙8大核R7-7745HX 16G内存 1TB固态 碳晶灰 标配版 16英寸超竞屏｜240Hz高刷｜2.5K超清,8999.00,5万+
ROG魔霸7 Plus 17.3英寸 电竞游戏本笔记本电脑(R9 7845HX 液金导热 16G 1T RTX4060 240Hz P3广色域),9999.00,1万+
宏碁（acer）新暗影骑士·擎 15.6英寸游戏本笔记本电脑 高端玩家级(酷睿i5-12450H 16G 512G RTX4050 140W 165Hz高刷新),5966.00,2万+
华为笔记本电脑MateBook D 14 2022 12代酷睿版 i7 16G 512G 锐炬显卡/轻薄本/14英寸护眼全面屏/手机互联 银,5799.00,50万+
ThinkPad 联想ThinkBook 14/15英特尔酷睿i5 学生办公轻薄笔记本电脑 15.6英寸 i5-1155G7 512G0MCD,4299.00,1000+
联想（Lenovo）笔记本电脑 小新Air14 酷睿i5 高性能轻薄本 学生商务办公全面屏 升配:11代酷睿I5-1155G7｜512G,3199.00,2万+
机械革命（MECHREVO）旷世16/G16游戏本 英特尔酷睿i5/i7处理器全新RTX4050/4060电竞电脑 i7-12650H/4050/16G/1TB 16英寸|2.5K高清屏|240,5898.00,1000+
华硕灵耀14 12代酷睿 2.8K OLED屏 高颜值超轻薄笔记本电脑 i7-1260P 16G 512G 夜空蓝,6199.00,2万+
神舟（HASEE）战神Z7D6 12代英特尔酷睿i7 15.6英寸游戏本 笔记本电脑(12代i7-12650H 16G 512G RTX4050 165Hz 2.5K电竞屏),5788.00,5万+
玩家战神玩家战神RTX3060独显笔记本电脑游戏本骨灰级12代酷睿i9高端学生PS设计高刷大屏电竞本 11代酷睿i7-RTX3060满血独显 16G内存/512G PCI-E固态硬盘,6299.00,5000+
联想笔记本电脑小新16轻薄本 16英寸超薄本(6核高性能R5-7530U 16G 512G)灰 商务办公学生女生,3799.00,10万+
华为笔记本电脑MateBook D 14 2023 13代酷睿版 i5 16G 512G/轻薄办公本/14英寸护眼全面屏/手机互联 皓月银,4999.00,5万+
联想笔记本电脑YOGA Pro14s轻薄本英特尔酷睿i9 14.5英寸商务本(14核标压i9 32G 1T RTX3050 3K高刷触控屏)银,9999.00,2万+
华硕a豆14 航天版 八核处理器 14英寸高性能办公学生轻薄笔记本电脑 R7-5700U 16G 512G 高色域,3649.00,1000+
ROG枪神7 Plus 第13代英特尔酷睿i9 18英寸 星云屏 电竞游戏本笔记本电脑 RTX4070 16G 1TB SSD i9-13980HX 2.5K 240Hz 广色域,14999.00,1000+
华硕天选4 15.6英寸高性能骨灰级游戏本笔记本电脑 光追独显 13代i9/RTX4060/1TB/2.5K青 16G/高刷高色域电竞屏,9799.00,5000+
国行【2023款英特尔可选酷睿】金属笔记本电脑轻薄本大学生上网课设计学习商务办公游戏手提 高配英特尔四核+12代 IPS屏窄边全面屏+抗蓝光 16G运行+10,2448.00,10万+
联想拯救者R9000P 电竞游戏笔记本电脑y 满血版RTX3060独显 八核16线程 新锐龙 R7-5800H 16G 512G 标配版 16英寸 2.5K超高清｜165Hz专业电竞屏,7299.00,200+
惠普(HP)战66六代锐龙版14英寸(2023新锐龙R7-7730U 16G 512G 长续航高色域低蓝光屏)高性能轻薄本电脑,4299.00,20万+
金隆兴 a5笔记本子超厚商务记事本简约加厚大学生日记本办公文具用品皮面本子工作本会议记录本 定制 7280-2,12.40,1万+
神舟（HASEE）战神Z7/Z8/S8 英特尔酷睿i5/i7 RTX4050/4060/4070满血游戏电竞电脑 Z8D6电竞版 i7/16/512/4060 8G 高刷新,6899.00,2000+
联想小新Pro14 2022款高端轻薄本 120Hz高刷学生设计游戏笔记本电脑 12代酷睿标压 i5-12500H 16G 512G丨标配版 2.8K高清屏丨120Hz高刷新率,4588.00,200+
荣耀笔记本电脑MagicBook 14 15 锐龙版 商务办公学生轻薄性能本 15 八核R7-5700U 16G 512G 官方标配 性价比推荐,3029.00,5000+
S7系列高性能15.6英寸游戏本笔记本神州电竞屏商务办公学生手提电脑 Z7-TA7高配版 八核i7/16G/512G固态 RTX3050-4G光追独显丨高刷新电竞屏,3798.00,1万+
"线下同款
神舟（HASEE）战神Z7/G8/S8/Z8 RTX3050/RTX3060 独显满血游戏本学生电竞办公电脑 Z8-TA7电竞版 i7/16G/512/3060 官方授权",4498.00,2万+
联想笔记本电脑 新锐龙版超轻薄本 14英寸小新品全面屏学生手提本商务设计办公游戏本 旗舰锐龙R5 16G内存 512G高速固态 全高清防眩光屏 游戏级性能显卡 全新升级 三面窄边,2999.00,2000+
惠普(HP)战66 六代2023酷睿14英寸(英特尔13代i7-1355U 32G 1T RTX2050高色域低功耗)高性能轻薄本电脑,6699.00,20万+
ThinkPad 联想ThinkBook 16+ 13代英特尔Evo酷睿标压处理器 轻薄笔记本电脑 i7-13700H 32G 512G 集显0BCD,7299.00,2000+
联想（Lenovo）小新Pro16 超能本2023锐龙版 16英寸轻薄笔记本电脑 R7-7735HS 16G 1T 2.5K 鸽子灰,5966.00,2000+
华为MateBook E 二合一平板电脑笔记本学生网课学习超极本 灰丨i5 8G+256GB+磁吸键盘 搭载Win11系统+Office办公软件,3767.00,5000+
华为笔记本电脑MateBook 14 14.0英寸 12代酷睿i5 16G 1T 锐炬显卡/轻薄本/2K触控全面屏/手机互联 皓月银,5499.00,20万+
国行【2023款英特尔+酷睿i7】15.6英寸 独显2.5K笔记本电脑超薄全面屏设计第三星种游戏本 升级款 粉 13代丨英特尔+16G运行 2K超清屏 128G 固态硬盘+官方标配,1380.00,200+
宏碁（acer） 暗影骑士·龙 高色域游戏笔记本电脑 AMD新锐龙7标压游戏本165hz高刷电竞屏 R7-6800H-16G-512G-RTX3050,5979.00,2000+
戴尔（DELL） 灵越14pro笔记本电脑14英寸成就3420学生网课游戏设计轻薄办公商务手提电脑 i5-1135G7 高性能锐炬Xe集显 16G内存 512G固态 定制,3299.00,1万+
誉品笔记本本子 牛皮pp封面线圈本 学生用日记本大学生考研练习本螺旋本加厚记事本文具用品 A5横线PP本/3本装【共360页】,8.90,10万+
"爱心东东
苹果（Apple） macbook pro 13.3英寸 2022款 新款m2芯片 苹果笔记本电脑 金属银【2022款】 M2芯片【8核+10核】8G+256G",8699.00,5000+
"京品电脑
宏碁(Acer)墨舞EX215 15.6英寸轻薄大屏办公笔记本(英特尔四核N5100 8G 256GSSD 全高清防眩光雾面屏 Win11)",2199.00,5000+
LG gram SuperSlim 2023款15.6英寸OLED屏 薄约10.9mm高端笔记本电脑 13代酷睿i7 32G 1TB标配版 双雷电4|轻至0.99kg|蓝色,12499.00,0
国誉(KOKUYO)一米新纯B5活页本办公笔记本子活页纸可替换附索引页 40张 米色 WSG-RUSP11LY,28.88,20万+
"线下同款
苹果（Apple） macbook pro 14英寸 2021新款m1pro芯片苹果笔记本电脑 深空灰【2021款】 14寸 M1 Pro【8核+14核】16G+512",10998.00,1万+
惠普(HP)暗影精灵8Pro 16.1英寸游戏笔记本电脑(12代酷睿i7-12700H RTX3060 6G独显 16GDDR5 512G 144Hz),7199.00,10万+
神舟（HASEE）战神S7T-TA7NP 11代英特尔酷睿i7 15.6英寸游戏本 笔记本电脑(11代i7-11800H 16G 512G RTX3050Ti 144Hz),4488.00,5万+
齐心（COMIX）A5/30张软抄本笔记本子文具/软面抄/工作记事本办公用品 10本装 C4502,11.70,10万+
荣耀笔记本电脑MagicBook 14 2023 13代酷睿高性能轻薄本 标压i5-13500H 16G 1TB 2.5K高刷屏 手机互联,5499.00,2000+
法拉蒙 笔记本本子A5皮面加厚本子记事本商务简约办公会议记录本笔记本子文具定制 A5雅典黑,12.80,5000+
惠普HP 星13Air锐龙版 13.3英寸轻薄笔记本电脑(8核锐龙R7-5825U 16G 512G 2.5K高分屏 960g轻盈机身 银色),4899.00,5000+
Apple【A+会员专享】 MacBook Air 13.6 8核M2芯片(8核) 8G 256G SSD 午夜色 笔记本电脑 MLY33CH/A,8199.00,5万+
七彩虹（Colorful）将星X17 AT 12代英特尔酷睿i7 17.3英寸游戏本3060直连笔记本学生设计剪辑专业电脑 16G/512固态 I7 12650H+3060 苍珀蓝,5094.00,200+
宏碁暗影骑士龙 15.6英寸游戏本玩家级 165Hz高刷新笔记本电脑(新锐龙R7-6800H 16G-DDR5 512G 满血RTX3050),4539.00,5000+
联想笔记本电脑 酷睿i7-1195G7高性能设计商用办公游戏本 15.6英寸全面屏学生网课手提轻薄本 16G内存 1TB固态 MX450独显 FHD全高清屏 全新升级 买手力荐,6099.00,5000+
华硕a豆14 12代i5标压 高性能办公学生轻薄笔记本电脑 i5标压 16G 512G 星际银海,3999.00,5000+
机械革命极光Pro/蛟龙15 RTX4050/4060显卡满血电竞学生游戏本15.6英寸轻薄设计电脑 蛟龙15|R5-6600H|3050|165Hz 官方标配：16G 512G PCIE高速固,4096.00,2万+
法拉蒙（faramon）5本装B5横线笔记本子简约初高中大学生考研软面抄软抄本车线本记事本加厚缝线本 深色款,16.80,2万+
联想ThinkBook 14+ 英特尔酷睿i5 14英寸标压高性能轻薄笔记本电脑i5-12500H 16G 512G RTX2050 2.8K 90Hz,5999.00,10万+
ThinkPad 联想ThinkBook 14/15锐龙版 商务办公轻薄笔记本电脑 高色域屏 14英寸R7 16G F0CD 预装office,4099.00,2万+
联想笔记本电脑 酷睿i7-1195G7高性能设计商用办公游戏本 15.6英寸全面屏学生网课手提轻薄本 16G内存 1TB固态 MX450独显 FHD全高清屏 全新升级 买手力荐,6099.00,5000+
荣耀笔记本MagicBook 14 Pro 2023 13代酷睿高性能轻薄本 标压i5-13500H 16G 1TB RTX3050独显 2.5K高刷屏,6499.00,2000+
戴尔（DELL） 2023新灵越13pro13.3英寸笔记本电脑13代酷睿2.5K屏5330轻薄商务 i7-1360P/16G/512G/2.5K/银,6299.00,1000+
得力(deli)25K96张可插笔绑带皮面本 记事本工作笔记本子日记本文具办公用品 黑色22215,18.90,50万+
联想IdeaPad15 15.6英寸六核/八核网课娱乐商务办公轻薄笔记本电脑 八核R7-5700U 8G 512G固态丨标配 全高清防眩光屏 含Office办公软件,2749.00,1000+
16.1英寸12代酷睿满血显卡高性能官方电竞高端游戏本笔记本电脑 i5-12500H 满血RTX3050-4G独显 【官方标配】16G内存 512G PCIE固态硬盘,4999.00,500+
霆硕全新15.6英寸轻薄笔记本电脑超薄商务办公学生款上网课(英特尔四核N5095 16G 128G 指纹解锁 七彩键盘),1389.00,57
联想ThinkBook 16+ AMD锐龙标压笔记本电脑 16英寸标压轻薄便携本R7-6800H 16G 512G 2.5K 120Hz,4999.00,2万+
华硕天选4 15.6英寸高性能骨灰级游戏本笔记本电脑 光追独显 14核i7/RTX4060/512G/2.5K灰 16G/高刷高色域电竞屏,8299.00,5000+
苹果（Apple）macbook pro 14英寸 2023新款m2pro芯片 苹果笔记本电脑 深空灰【2023款】 14寸M2 Pro【10核+16核】16G+512,14699.00,500+
联想ThinkBook 16+ 2023款 英特尔酷睿i5 16英寸标压轻薄笔记本电脑i5-13500H 16G 512G RTX3050 120Hz 2.5K,6699.00,5万+
机械革命（MECHREVO）旷世16 Pro 16英寸游戏本笔记本电脑(i9-12900HX 16G 1T RTX4060 240HZ 2.5K屏 雷电4 双液金散热),6999.00,10万+
戴尔笔记本电脑dell灵越3520 15.6英寸高性能全面屏轻薄本(酷睿i5 16G 1TB 锐炬显卡 120Hz防眩光高刷屏)银,3699.90,5万+
神舟（HASEE）战神TX8R9 13代英特尔酷睿i9 16英寸游戏本 笔记本电脑(13代i9-13900HX 16G 1TB RTX4060 165Hz 2.5K电竞屏),7988.00,2万+
晨光(M&G)文具a5笔记本本子 80张竖翻线圈本记事本 学生考研错题本 横线手账日记本 学习用品 单本装XA5830,5.50,10万+
惠普（HP） 光影精灵8 16.1英寸轻薄游戏144Hz12代酷睿ddr5笔记本电脑 【新12代i7】RTX3060+144Hz,6299.00,2000+
ThinkPad S2联想笔记本电脑13.3英寸 手提高端轻薄长续航高性能商务办公家用娱乐学习本 【触控屏】锐龙R5-5650U 16G内存 高色域 16G 512G SSD高速固态 标配,3599.00,1万+
华硕(ASUS) 破晓2 14英寸轻薄商务办公学生指纹识别笔记本电脑(12代i5-1235U 16G 1T+512G 雷电4）,3769.00,5000+
联想笔记本电脑V15 15.6英寸办公商务游戏设计本学生网课手提本 Intel N4020/4G/256G固态 精装升级,1999.00,1000+
联想（Lenovo）小新Pro16 超能本2023锐龙版 16英寸轻薄笔记本电脑 R7-7735HS 32G 1T 2.5K 鸽子灰,6166.00,2000+
惠普（HP） 光影精灵9Victus 2023 16.1英寸13代酷睿满血轻薄电竞游戏本 笔记本电脑 13代i7/RTX4060 165Hz,8299.00,500+
"京品电脑
联想ThinkBook 16+ 英特尔酷睿i5 16英寸标压高性能轻薄笔记本电脑i5-12500H 16G 512G RTX2050 2.5K 120Hz",5999.00,5万+
华为（HUAWEI） 笔记本电脑MateBook 16s 16英寸超薄触屏轻薄本商务办公本手提电脑 灰丨标压i9-12900H 16G 1TB触屏,8488.00,2000+
华硕灵耀X 双屏Pro 2023 13代酷睿标压 14.5英寸轻薄高性能笔记本电脑 2.8K双触控屏 i9-13900H 哑光黑 16G 1TB RTX4050,14999.00,100+
联想笔记本电脑 新锐龙版超轻薄本 14英寸小新品全面屏学生手提本商务设计办公游戏本 旗舰锐龙R5 16G内存 512G高速固态 全高清防眩光屏 游戏级性能显卡 全新升级 三面窄边,2999.00,2000+
联想（Lenovo）小新Pro14 超能本2023 锐龙版 14英寸轻薄笔记本电脑 R7-7735HS 16G 1T 2.8K 鸽子灰,5465.00,500+
得力(deli)12本A5/50张无线装订软抄本 记事本/工作笔记本子/ 日记本文具办公用品 7652,23.90,50万+
晨光(M&G)文具A5/40张缝线本 办公记事笔记本子 简约生活系列牛皮纸学生软抄办公本 4本装APYFJ12,8.90,10万+
惠普（HP）光影精灵9 Intel 15.6英寸游戏本 笔记本电脑(13代i5-13500H RTX4050 16G 512GSSD 144Hz),5999.00,10万+
戴尔笔记本电脑dell灵越3520 15.6英寸高性能全面屏轻薄本(12代i5 16G 512G 锐炬显卡 120Hz防眩光高刷屏)银,5099.00,5万+
戴尔笔记本电脑dell灵越3520 15.6英寸高性能全面屏轻薄本(酷睿i5 16G 1TB 锐炬显卡 120Hz防眩光高刷屏)银,3699.90,5万+
华硕无畏16 2023 13代酷睿标压 16英寸大学生手提办公本笔记本电脑轻薄本商务 i5-13500H 16G 512G 护眼屏 黑,4649.00,1000+
Apple MacBook Air 13.3 8核M1芯片(7核图形处理器) 8G 512G SSD 银色 笔记本电脑 Z127000C5【定制机】,9499.00,20万+
惠普(HP)战66六代 锐龙版 14英寸(2023新锐龙R5-7530U 16G 1T 长续航高色域低蓝光屏)高性能轻薄本电脑,4199.00,20万+
惠普(HP)战66 六代2023酷睿14英寸(英特尔13代i7-1360P 16G 1T长续航高色域低功耗屏)高性能轻薄本电脑,5499.00,20万+
华为笔记本电脑MateBook D 15 2022 12代酷睿版 15.6英寸 i7 16G 512G 护眼全面屏/轻薄本/手机互联 皓月银,5599.00,50万+
宏碁(Acer)超能金属轻薄本墨舞EX214 14英寸办公学生笔记本电脑(酷睿i5 16G 512G 全高清IPS Office),3599.00,1万+
15.6英寸高性能学生商务手提办公游戏笔记本电脑 十核i5-1235U 16G内存 1TB高速固态 满血锐炬显卡 IPS全高清 精装升级 WiFi6,4588.00,2000+
华硕无畏Pro16 2023 13代酷睿标压i5 16英寸全能游戏轻薄笔记本电脑 2.5K 120Hz银 i5-13500H 16G 1T RTX3050,6699.00,79
机械革命蛟龙15K游戏本 RTX4050/4060满血显卡 15.6英寸2K大屏设计师办公笔记本电脑 蛟龙15|R5-6600H|3050|165Hz 官方标配：16G+512G固态|DDR5高频内存,4098.00,1万+
"京品电脑
华硕无畏16 AMD标压R7 16英寸大屏办公高性能网课轻薄笔记本(R7-5800H 16G 512G 莱茵护眼防眩光)银",3999.00,5万+
"京品电脑
荣耀笔记本电脑MagicBook 14 2022 12代酷睿高性能轻薄本 标压i5-12500H 16G 512G 20h长续航 2.1K护眼屏 灰",4499.00,2万+
联想拯救者Y9000P 2023/22电竞游戏笔记本电脑 满血版RTX4060/3060独显 旗舰i9版 i9-13900HX 16G 1TB 4060标配 16英寸 2.5K超高清｜高色域专业电竞屏,10188.00,20万+
华为（HUAWEI） 华为笔记本电脑MateBook D14 款全面屏2022学生商务轻薄本集显 银｜D14 SE版 i5 8G+512G,3499.00,2万+
Apple MacBook Pro 13英寸 M2 芯片(8核中央处理器 10核图形处理器) 16G 256G 深空灰 Z16R【定制机】,11499.00,2万+
荣耀笔记本电脑MagicBook 14 2022 12代酷睿高性能轻薄本 i5-12500H 16+512G RTX2050独显 20h长续航 2.1K 灰,6499.00,2000+
宏碁（acer） 2023新款掠夺者战斧300/酷睿i9满血RTX3070Ti 高端电竞游戏笔记本 骨灰级玩家 15.6英寸丨12代i9 RTX3070Ti满血 电竞版：16G内存+512固态,7999.00,200+
华硕a豆14 14英寸高颜值学生办公轻薄本笔记本电脑 钛空银 酷睿i3 8G 512G,2899.00,2万+
联想拯救者R7000P专业电竞游戏笔记本电脑y大学生设计师本 满功耗RTX3050独显 新标压锐龙 R5-6600H 16G 512G 标配 15.6英寸｜2.5K超高清｜165Hz｜高色域,5888.00,10万+
联想拯救者R9000P游戏笔记本电脑y满血版RTX3060电竞独显 八核十六线程 新标压锐龙 R7-5800H 16G 512G固态 标配版 16英寸专业电竞屏｜2.5K超清｜ 165Hz高刷,7488.00,10万+
惠普(HP)锐15 锐龙版 15.6英寸轻薄笔记本电脑(六核 锐龙 5 5625U 8G 512GSSD office 一年上门)银色,2899.00,1万+
全新15.6英寸轻薄笔记本电脑（英特尔N5095 16G内存+512GB固态 指纹解锁）四核超薄商务办公家用学生上网课,1399.00,200+
"爱心东东
酷睿暗夜精灵学生高性能笔记本电脑 【高阶显卡】标压i5+RTX3050Ti-4G独显 【官方标配】16G内存 512G PCIE疾速固态 100%sRGB",4798.00,5000+
华硕（ASUS）天选4 13代英特尔酷睿i9 15.6英寸电竞游戏本 笔记本电脑(i9-13900H 16G 1T RTX4060 2.5K 165Hz P3广色域)灰,9499.00,2万+
联想ThinkPad X1 Carbon 2023可选 14英寸高端轻薄本商用办公本ibm笔记本电脑 i5-10210U 16G内存 512G固态 高色域 指纹识别 背光键盘,7999.00,2000+
华硕a豆14 Pro 14英寸高色域屏高性能办公学生手提笔记本电脑轻薄本 微醺薄荷 2.5K 护眼屏 酷睿12核标压i5 16G 512G固态 锐炬显卡,4289.00,5000+
"京品电脑
华硕无畏15 12代酷睿i5 15.6英寸轻薄大屏高性能办公网课笔记本电脑(i5-1240P 16G 512G 护眼防眩光)银",3979.00,5万+
惠普HP 星Book Pro 英特尔酷睿i7 14英寸轻薄笔记本电脑(13代i7-13700H标压 16G 1TB 2.8K 90Hz OLED屏)银,5999.00,2000+
ThinkPad 联想ThinkBook 16+ 13代英特尔Evo酷睿标压处理器 轻薄笔记本电脑 i5-13500H 32G 512G 集显0ACD,6299.00,2000+
戴尔（DELL） 2023新灵越13pro13.3英寸笔记本电脑13代酷睿2.5K屏5330轻薄商务 i5-1340P/16G/512G/2.5K/银,5499.00,1000+
ThinkPad 联想ThinkBook 14+ 12代英特尔酷睿处理器 14英寸轻薄商务笔记本电脑 i5-12500H 16G 4G独显 01CD,6529.00,1万+
5本装笔记本本子文具 誉品简约大学生大号考研专用软面抄记事本车线练习作业本中学生用 B5/横线/牛皮纸5本,10.60,5万+
戴尔笔记本电脑dell灵越3520 15.6英寸高性能全面屏轻薄本(12代i7 16G 512G 锐炬显卡 120Hz防眩光高刷屏)银,5999.00,5万+
戴尔（DELL） 灵越15Pro 3511酷睿i5笔记本15.6英寸轻薄办公家用游戏学生商务手提电脑 i5-1135G7 MX350独立显卡 16G内存 512GPCIe固态定制版,3749.00,2万+
戴尔（DELL） 灵越15-3511 15.6英寸英特尔酷睿学生商务办公笔记本电脑 低蓝光爱眼屏 11代i5/8G/512G/锐炬显卡,3399.00,2000+
Apple MacBook Air 13.3 8核M1芯片(7核图形处理器) 16G 256G SSD 深空灰 笔记本电脑 Z124000CF【定制机】,9499.00,20万+
联想拯救者R7000P 165Hz专业电竞游戏笔记本电脑y RTX3050独显 标压旗舰锐龙 R5-6600H 16G 512G固态 标配版 2.5K超清高色域｜165Hz专业电竞屏,5888.00,10万+
惠普HP 星Book Pro 英特尔酷睿i7 14英寸轻薄笔记本电脑(13代i7-13700H标压 16G 1TB 2.8K 90Hz OLED屏)粉,5999.00,2000+
新12代高颜值高性能商务办公学生家用网课轻薄电竞吃鸡游戏本高端暗夜笔记本电脑 R5-6600H RTX3050Ti高色域16.1 16G内存 512G 固态 标配版,4389.00,100+
荣耀（HONOR）笔记本电脑MagicBook 14超轻薄便携学生游戏本商务办公本 X14酷睿i5 16G 512G 2G独显,3999.00,1万+
戴尔笔记本电脑dell灵越3520 15.6英寸高性能全面屏轻薄本(12代i5 16G 512G MX550 120Hz防眩光高刷屏))银,5799.00,5万+
华硕无畏二合一 13.3英寸OLED触屏平板电脑轻薄办公笔记本电脑(Intel四核 8G 256G 100%DCI-P3 550nit护眼屏),2999.00,2000+
机械革命新极光Pro2023款发烧级 极光Z笔记本电脑i5 i7 4060高性能轻薄商用学生设计办公游戏本 极光Z|新12代i5|满血3050|144HZ 游戏全能:16G|512GPCIE固态 官方,4098.00,2万+
惠普（HP） 惠普星14青春版轻薄学生办公商务笔记本电脑酷睿11/12代配置锐炬显卡14英寸男女网课 i5-1240P/16G/512G/集显/银,3649.00,5000+
游戏笔记本电脑高色域高刷电竞屏学生设计专业剪辑将星酷睿标压手提本 23款 蓝i7-12650H 16G 512G官标 满血RTX4060电竞独显 15.6英寸,5999.00,200+
华为（HUAWEI） MateBook D 14 笔记本电脑 14英寸 轻薄商务 办公 学习 学生本 SE 11代 i5-1155G7 8G 512G银 锐炬显卡 Win11+Office 官方标配,3309.00,5000+
联想小新16 2023金属轻薄笔记本电脑 Pro大屏办公设计游戏本 13代酷睿十二核 i5-1340P 16G 512G｜FHD屏｜标配 16英寸 IPS微边框全面屏｜人脸识别,4488.00,10万+
七彩虹（Colorful）将星X15 游戏笔记本电脑轻薄学生设计剪辑专业电竞本12代酷睿标压工作站 蓝 i5-12500H 16G 512官标 满血RTX3050ti电竞独显 15.6英寸,4112.00,2000+
ThinkPad 联想ThinkBook14/15办公轻薄本小新学生游戏笔记本电脑高性能超薄设计师本 14英寸-i5-1155G7-锐炬显卡 拒蓝光认证 升配 24G内存 1T大固态硬盘,4199.00,5000+
惠普(HP)战66六代2023酷睿15.6英寸(英特尔13代i5-1335U 32G 1T RTX2050 2.5K屏120HZ高性能轻薄本电脑,6199.00,20万+
机械革命（MECHREVO）蛟龙16K 2K 165Hz 16英寸学生玩家级游戏电竞笔记本电脑 蛟龙15K R5-6600H/4050/165 【定制升级】16G/1TB固态硬盘,4999.00,5000+
惠普(HP)战66六代 锐龙版15.6英寸(2023锐龙R5-7530U 16G 1TB 长续航高色域低蓝光屏)高性能轻薄本电脑,4299.00,20万+
华硕a豆14 2023 13代酷睿标压i5 高性能轻薄笔记本电脑(i5-13500H 16G 512G 2.5K高分屏)商务办公本 星际银海,4799.00,1000+
联想拯救者R7000P专业电竞游戏笔记本电脑y大学生设计师本 满功耗RTX3050独显 新标压锐龙 R5-6600H 16G 512G 标配 15.6英寸｜2.5K超高清｜165Hz｜高色域,5888.00,10万+
联想（Lenovo） 笔记本电脑 小新Air14 锐龙六核R5高性能办公本超轻薄全面屏学生网课游戏本 六核R5-5500U丨512G定制,3099.00,10万+
得力(deli)B5/80张无印风学生螺旋本线圈本 学生记事本日记本笔记本子文具 方格款LB580,5.20,20万+
得力(deli)25K120张商务磁扣皮面本办公用品 工作记事本日记本会议记录本子 黑色3301,13.90,10万+
戴尔（DELL） 游匣G15 5520 15.6英寸游戏笔记本电脑 满血高刷电竞屏 12代酷睿标压 12代i7/3060/2.5K240Hz,7499.00,2000+
"京品电脑
宏碁(Acer)非凡S5超轻薄本 14英寸触控屏 Evo认证高端商务办公笔记本电脑(酷睿i5 16G 512G 雷电4)黛石翠",3799.00,5000+
联想笔记本电脑V14 旗舰酷睿i5高性能独显轻薄本 14英寸窄边框学生小新网课商务手提办公游戏设计本 i5-1135G7 16G内存 512G高速固态 MX350独显 IPS全高清屏,3988.00,5000+
联想笔记本电脑 旗舰八核锐龙R7 2023小新品15.6英寸全面大屏学生网课商用办公设计游戏超轻薄本 R7-5700U 16G内存 512G固态 升级版,3288.00,5000+
惠普（HP）光影精灵9【2023新一代旗舰游戏本】13代酷睿40系高颜值高性能电竞高端暗影精灵暗夜电脑 RTX4050-6G/新13代i5/144Hz 官方标配丨16G内存 512,6299.00,500+
联想ThinkBook 16+ 2023款 英特尔酷睿i7 16英寸标压轻薄笔记本电脑i7-13700H 32G 512G RTX3050 120Hz 2.5K,8199.00,5万+
ROG枪神7 Plus 超竞版 新品第13代英特尔酷睿i9 18英寸 2.5K星云屏 电竞游戏本电脑 i9-13980HX RTX4080 240Hz 32G内存/1TB固态,20999.00,100+
外星人（alienware） 2022全新x14 R1轻薄高性能本14英寸游戏本笔记本电脑12代酷睿 1743：i7 16G 512G 3050标配 144Hz刷新率,10499.00,2000+
联想ThinkBook 16+ 2023款 AMD锐龙标压笔记本电脑 16英寸标压轻薄本R7-7735H 16G 512G SSD 2.5K 120Hz,5499.00,2万+
戴尔（DELL）游匣G15 灵越5520 15.6英寸标压RTX满血学生设计电竞游戏笔记本电脑i5-12500H 16G内存 512G高速固态 标配版 RTX3050Ti 165Hz专业电竞屏,5898.00,2万+
戴尔（DELL） 2023新灵越16pro笔记本电脑13代酷睿16英寸2.5K屏5630轻薄家用办公 i7-1360P/16G/1T/2.5K,6999.00,500+
【2023款英特尔+酷睿i7】15.6英寸笔记本电脑轻薄本网课商务办公集成显卡游戏本大学生手提品弘本 流光银丨高配英特尔四核11代+IPS全面屏+抗蓝光 12G内,1280.00,2万+
"爱心东东
苹果（Apple） macbook air 13.6英寸 2022款 新款m2芯片 苹果笔记本电脑 金属银【2022款】 M2芯片【8核+8核】8G+256G",7499.00,5000+
攀升MaxBook英特尔4核 15.6英寸商务办公手提轻薄笔记本电脑（10代J4125 12G 512G）P1X 2022款,1588.00,2万+
嘉然恒B5大号康奈尔本软皮面活页本思维导图可替换内芯笔记本子大学生考研记事本5R记忆法复习本课堂笔记蓝色,23.80,1万+
ThinkPad 联想ThinkBook 14+ 12代英特尔酷睿处理器 14英寸轻薄商务笔记本电脑 i5-12500H 16G 4G独显 01CD,6529.00,1万+
小米（MI） RedmiG Pro 锐龙版标压处理器 AMD标压电竞本 满血版 游戏设计笔记本电脑 标压R5-RTX3050 2.5K165HZ电竞屏 官方标配 16G内存+512G PCIE4.0固,4509.00,200+
"线下同款
神舟（HASEE）战神Z7/G8/S8/Z8 RTX3050/RTX3060 独显满血游戏本学生电竞办公电脑 Z8-TA7豪华版 i7/16G/1TB/3060 官方授权",5399.00,2万+
神舟（HASEE）新品战神Z7/Z8D6 FHD12代酷睿i7 RTX4060独显 15.6英寸高清屏幕游戏电脑 S8D6 FHD i7/16G+512G/4060,5688.00,500+
联想小新Air15笔记本电脑2022金属轻薄本15.6英寸12代i5超薄大屏学生办公设计游戏本 I5-1155G7 16G内存 512G固态丨标配,3569.00,200+
"爱心东东
苹果（Apple） MacBook Air 13.6英寸2022新款M2芯片 苹果笔记本电脑 午夜色【2022款】 M2芯片【8核+8核】8G+256G",8299.00,1000+
联想拯救者R7000P 165Hz专业电竞游戏笔记本电脑y RTX3050独显 标压旗舰锐龙 R5-6600H 16G 512G固态 标配版 2.5K超清高色域｜165Hz专业电竞屏,5888.00,10万+
华为（HUAWEI） 华为笔记本电脑MateBook13 超轻薄13英寸商务性能手提本2K全面屏 定制粉｜I5-1135G7/16G/512G触屏,5299.00,1万+
联想IdeaPad15 15.6英寸六核/八核网课娱乐商务办公轻薄笔记本电脑 八核R7-5700U 16G 512G固态丨升级 全高清防眩光屏 含Office办公软件,3088.00,1000+
"线下同款
神舟（HASEE） 战神Z8-TA7NS 8核酷睿i7-11800H RTX3060 6G独显144Hz游戏电脑 至尊版:32G内存+1TB固态 144Hz 高刷电竞屏",5899.00,200+
七彩虹（Colorful）将星X15AT-23款40系新品13代酷睿4050/4060/4070满血游戏电脑 i7-13700HX/4060/2K165HZ蓝色 16G/512G固态/标配,6982.00,2万+
宏碁（acer） 暗影骑士·擎笔记本电脑 15.6英寸电竞屏512G硬盘高色域游戏本独立显卡 新i7-12650H|RTX4060|8G独显,6799.00,2万+
联想2023款 独显酷睿轻薄笔记本,3988.00,5000+
华硕无畏Pro15 2.8K 120Hz OLED 12核酷睿i7标压游戏轻薄笔记本电脑(i7-12700H 16G 512G RTX3050)银,6499.00,2000+
晨光(M&G)文具A5/40张缝线本 记事本笔记本子 小蜗居系列米黄内页儿童软抄本 学生日记本 4本装FA5463,9.90,50万+
华硕（ASUS）天选4 英特尔酷睿i7 15.6英寸高性能电竞游戏本 笔记本电脑(14核i7 16G 512G RTX4050 144Hz高色域电竞屏)灰,7499.00,2万+
得力(deli)4本16K80张墨色轻染系列学生胶套本套装 软抄本记事本日记本子文具 T1680,28.91,5万+
西赫（XIHE） a5笔记本子简约磁扣高档记事本公司定制可印logo商务办公文具会议记录本学生日记本 A5蓝色【升级磁扣】【烫金麋鹿 单本装】,10.80,5万+
ThinkPad X1 Carbon 12代英特尔酷睿处理器14英寸高端商务轻薄笔记本电脑 12代i5 16G 512G 1NCD 2.2K屏,10499.00,2000+
联想笔记本电脑小新Pro14轻薄本 14英寸超能本(8核标压R7 16G 512G 2.8K高刷护眼屏)灰 商务办公学生女生,4599.00,10万+
宏碁(Acer)超能金属轻薄本墨舞EX214 14英寸办公学生笔记本电脑(酷睿i5 16G 512G 全高清IPS Office),3599.00,1万+
华硕无畏Pro15 2.8K 120Hz OLED 12核酷睿i7标压游戏轻薄笔记本电脑(i7-12700H 16G 512G RTX3050)蓝,6499.00,2000+
联想（Lenovo）GeekPro G5000 英特尔酷睿 15.6英寸电竞游戏笔记本电脑(13代i5-13500H 16G 1T RTX4050 2.5k 165Hz高色域)灰,6999.00,5万+
戴尔DELL笔记本电脑 灵越14Pro 14英寸高性能轻薄本(12代i5 512G 锐炬显卡 2.2K护眼全面屏)16:10屏占比 银,4299.00,1万+
七彩虹（Colorful）隐星P16 23 英特尔酷睿i7 16英寸游戏本 电竞笔记本电脑(i7-12650H 16G 512G RTX4060 165Hz 2.5K）星河蓝,5999.00,1万+
得力(deli)A5/112张莫兰迪色系可插笔皮面本 肤感雅致记事本日记本笔记本子文具 22290蓝色,18.90,10万+
荣耀（HONOR） 荣耀笔记本电脑MagicBook14\15轻薄本高色域游戏学生网课商务办公全能本 X14 | i3-8G+256G集显,2699.00,2万+
机械师F117曙光15Pro 酷睿14核i7独显i9游戏本144Hz屏轻薄高性能设计师工作站学生电脑 i7-12700H/RTX3050Ti 32G/1T PCIE固态,6199.00,2000+
神舟（HASEE）战神Z8-DA7NS 12代英特尔酷睿i7 15.6英寸游戏本 笔记本电脑(12代i7-12650H 16G 512G RTX3060 144Hz),4988.00,2万+
宏碁(Acer)非凡S3 全新12核Evo轻薄本 14英寸2.5K高色域 办公学生笔记本电脑(12代i5-1240P 16G 512G)赛博黄,4249.00,5000+
戴尔灵越16Pro 5620高性能笔记本,4199.00,5000+
联想（Lenovo）小新Pro14超能本2023酷睿版 14英寸轻薄笔记本电脑 13代标压 i5-13500H 32G 1T 2.8K 鸽子灰,6065.00,2000+
惠普（HP） 惠普星14青春版轻薄学生办公商务笔记本电脑酷睿11/12代配置锐炬显卡14英寸男女网课 i5-1135G7/16G/512G/集显/银,3149.00,5000+
小米笔记本电脑 Redmi Book Pro14 2.5K高清屏 办公高性能轻薄本 酷睿i5-12500H 16G 512G 小米手机平板互联,4339.00,2万+
惠普(HP)战X 全新锐龙6000系列 14英寸高性能轻薄笔记本电脑(R7-6850HS 16G 512GSSD 16:10 高色域低功耗屏),5499.00,2万+
得力(deli)三本A7/96张便携本笔记本子 迷你随身携带记录小本子布皮面本口袋本小号记事本学生文具 混色22238,16.90,10万+
戴尔灵越14Pro 5420高性能笔记本,4199.00,5000+
攀升 暴风龙P3 14英寸商务办公手提轻薄笔记本电脑(全新一代四核N100 16G 512GNvme Type-C接口),1999.00,1000+
得力(deli)6本A5/40张牛皮纸缝线软抄本办公用品 工作记事本/ 日记本/ 课堂作业本/ 文具子33457,13.10,50万+
得力(deli)6本A5/80张无线装订软抄本 记事本/工作笔记本子/ 日记本 文具办公用品 7654,18.80,50万+
三年二班B5/60张8孔横线笔记本本子不硌手活页本加厚可拆卸外壳100g纸张文具学生记事本错题本 b5横线白色,9.80,20万+
GeorgeWillsons未来可期a5笔记本子日记本成人高颜值手账本商务办公会议记录记事本加厚定制 A5U型蓝色1本,26.80,5000+
海尔(Haier) 15.6英寸金属笔记本电脑 商务办公学生网课影音娱乐轻薄本 逸15-15SH（8G 512G SSD Win11）,1849.00,1万+
华为笔记本电脑MateBook D 14 2022 12代酷睿版 i5 16G 512G 锐炬显卡/轻薄本/14英寸护眼全面屏/手机互联 灰,4599.00,50万+
惠普（HP） 光影精灵8 16.1英寸AMD锐龙版高性能游戏电竞笔记本电脑 R7-6800H/3050/高色域,5199.00,1000+
国誉(KOKUYO)Noritake设计师联名学生活页本记事笔记本子B5/40张 白色 WSG-RU2XP61W,32.00,2万+
国为（COUVEZI） 可定制国潮故宫文创笔记本本子精美礼品套装记事本a5文具礼盒刻字商务伴手礼 龙凤呈祥套装（蓝色）,45.00,5000+
"京品文具
得力(deli)16K100张大号精装活页笔记本子文具 商务记事本日记本皮面本办公用品 黑33050",39.90,50万+
国行【2023款英特尔可选酷睿】金属笔记本电脑轻薄本大学生上网课设计学习商务办公游戏手提 玫瑰金-高配英特尔四核+12代 IPS屏窄边全面屏 8G运行+512,1858.00,10万+
惠普(HP)锐15 新AMD锐龙15.6英寸(八核R7-7730U 16G 1TB指纹识别 一年上门 通过13项军标认证)轻薄电脑,3899.00,1万+
联想ThinkBook 14+ 2023款 AMD锐龙标压笔记本电脑 14英寸标压轻薄本R7-7735H 16G 512G SSD 2.8K 90Hz,5299.00,2万+
联想笔记本电脑 V15锐龙版2023 15.6英寸商务办公轻薄本(R5-7520U 8G 512G WiFi6),3399.00,5000+
戴尔（DELL）游戏本游匣G15 灵越5520 5511 15.6英寸窄边框学生电竞游戏笔记本电脑 14核i7-12700H RTX3060 6G独显 16G内存 512G PCIe固态硬盘 标配,6799.00,1万+
法拉蒙（faramon）活页本A5可拆卸替换内芯笔记本子商务办公记事本工作大号厚会议记录本定制logo,13.80,5000+
戴尔（DELL） 2023新灵越13pro13.3英寸笔记本电脑13代酷睿2.5K屏5330轻薄商务 i5-1340P/16G/512G/2.5K/粉,5599.00,1000+
神舟（HASEE）战神T8-DA9NT 12代英特尔酷睿i9 16英寸游戏本 笔记本电脑(i9-12900H 16G 1TB RTX3060 165Hz 2.5K电竞屏),5988.00,2万+
得力(deli)10本A5/60张无线装订软抄本 记事本/ 工作笔记本子/ 日记本文具办公用品 7653,23.00,50万+
联想ThinkBook 16p 英特尔酷睿i5 16英寸高性能轻薄创作本 i5-13500H 16G 1T RTX4050 3.2K 165Hz,8499.00,1000+
宏碁(掠夺者)刀锋300SE 电竞游戏本 16英寸2.5K屏240Hz(i7-12700H 16G-DDR5 1T RTX3060独显直连 一键超频)银,6999.00,1000+
ROG枪神7 Plus 超竞版 第13代英特尔酷睿i9 18英寸 星云屏 游戏本笔记本电脑 i9 13980HX RTX4090满功耗175W 64G 内存 2TB SSD 2.5K 240Hz 广色,27999.00,100+
华为（HUAWEI） 笔记本电脑MateBook 14高端商务办公轻薄本14英寸触控屏超极本手提电脑 银丨六核锐龙R5 16G 512G触屏 2K触控屏+大礼包,4088.00,5000+
联想拯救者Y7000P 2023款16英寸专业电竞游戏本 满功耗RTX4060-8G独显 13代标压酷睿 i7-13700H 16G 512G 定制版 16英寸电竞屏｜2.5K,8099.00,1万+
"京品电脑
联想ThinkBook 14 英特尔酷睿版(0SCD) 英特尔酷睿i5 14英寸轻薄笔记本(i5-1155G7 16G 512G 高色域 Win11)",4499.00,5万+
Apple【A+会员专享】 MacBook Air 13.6 8核M2芯片(8核) 8G 256G SSD 银色 笔记本电脑 MLXY3CH/A,8299.00,5万+
华硕无畏14i 2023 英特尔Evo 14英寸2.8K 120Hz OLED轻薄高性能笔记本电脑(13代标压i5-13500H 16G 1T)银,5499.00,100+
机械革命蛟龙17K/蛟龙15K/蛟龙16K 高刷电竞屏高性能满血4060独显直连学生设计编程游戏本电脑 蛟龙17KR7-7735H/4060/2K165H 游戏全能：16G+1T PCIE,6298.00,1000+
华为（HUAWEI） 笔记本电脑MateBook 14英寸超轻薄2K触控全面屏商务办公学生手提本 灰｜I5-1135G7 16G 512G集显触屏,4999.00,1万+
齐心（Comix）日记本手账本磁扣式记事本 高颜值随身笔记本子小学生儿童文具生日礼物女 32K 106张 EC300粉,12.00,2万+
国誉(KOKUYO)Gambol渡边B5活页本可拆卸笔记本子商务记事本7mm横线 30张 黑色 WCN-FR0031N,15.00,10万+
联想（Lenovo）小新Pro16轻薄电竞游戏笔记本电脑学生设计办公本标压锐龙八核R7 R7-7735HS 32G 1TB 标配 16英寸｜2.5K｜高色域全面屏,5449.00,200+
国行【2023款英特尔可选酷睿】金属笔记本电脑轻薄本大学生上网课设计学习商务办公游戏手提 高配英特尔四核+12代 IPS屏窄边全面屏+抗蓝光 8G运行+256,1658.00,10万+
中柏（Jumper）14英寸（16G 512G N5095 win11) 英特尔11代轻薄商务办公电脑【2023款】EZbook S5pro,1609.00,1万+
得力(deli)25K80张大号商务经典皮面本办公用品 会议记事本日记本笔记本子文具 黑BP108,7.70,20万+
戴尔笔记本电脑dell灵越3511 15.6英寸全面屏轻薄本(酷睿i5 16G 512G 独立显卡)银 微边框 独立数字小键盘,5499.00,5万+
联想ThinkBook 14 酷睿版 英特尔酷睿i5 14英寸轻薄笔记本电脑(i5-1240P 16G 512G 高色域 Win11),4299.00,5万+
戴尔（DELL） 灵越15Pro 3511酷睿i5笔记本15.6英寸轻薄办公家用游戏学生商务手提电脑 i5-1135G7 MX350独立显卡 16G内存 1.0TBPCIe 固态定制版,3949.00,2万+
华硕无畏Pro15 2.8K 120Hz OLED屏标压锐龙游戏轻薄笔记本电脑(R7-6800H 16G 512G 120Hz 高色域)银,5299.00,2万+
联想拯救者R9000P 电竞游戏笔记本电脑y 满血版RTX3060独显 八核16线程 新锐龙 R7-5800 16G 512G 标配 16英寸电竞屏｜2.5K超清｜ 165Hz高刷,7299.00,100+
Apple【A+会员专享】MacBook Air 13.3 8核M1芯片(7核图形处理器) 8G 256G SSD 银色 电脑 MGN93CH/A,6199.00,20万+
惠普(HP)锐15 新AMD锐龙15.6英寸(六核R5-7530U 8G 512G指纹识别 一年上门 通过13项军标认证)轻薄电脑,3099.00,1万+
齐心(Comix)文具64K/146页学生笔记本子记事本皮面磁扣手账本便携手帐日记本 C6100粉蓝,9.90,2万+
"京品文具
三年二班好运彩页手账本硬抄本笔记本本子 文具高颜值学生日记本记事本儿童节礼物生日礼物 未来可期",15.80,2万+
得力(deli)25K/120张商务笔记本子 复古皮面本厚记事本办公用品 棕色22259,19.90,50万+
ThinkPad 联想ThinkBook 16+ 13代英特尔Evo酷睿标压处理器 轻薄笔记本电脑 i5-13500H 16G 512G 集显08CD,5699.00,2000+
神舟（HASEE）战神Z7T-DA7NP 12代英特尔酷睿i7 15.6英寸游戏本 笔记本电脑(12代i7-12700H 16G 512G RTX3050Ti 144Hz),4688.00,5万+
得力(deli)A4/160张商务记事本笔记本子 皮面本办公会议日记本 黑色3306,29.90,20万+
金隆兴 a5笔记本子超厚商务记事本简约加厚大学生日记本办公文具用品皮面本子工作会议记录本 可定制 7280-5,12.40,1万+
Apple【A+会员专享】 MacBook Pro 13英寸 M2 芯片(8核+10核) 8G 256G 银色 笔记本 MNEP3CH/A,8699.00,2万+
【2023款英特尔+酷睿i7】15.6英寸笔记本电脑轻薄本网课商务办公集成显卡游戏本大学生手提品弘本 流光银丨高配英特尔四核13代+指纹解锁+窄边全面屏,1580.00,2万+
"爱心东东
【2023英特尔+酷睿i7独显】国行4K金属笔记本电脑超薄指纹解锁商务办公设计学生游戏系能手提电脑 英特尔12代 【4K高清款】超性能本+指纹解锁 20G高速",3388.00,2万+
得力(deli)哈利·波特系列笔记本子 单本装98K/100张线圈本记事本错题本 混色GLP98100,5.00,1万+
机械革命（MECHREVO） 极光Pro/E 2023年新款满血4060 4050发烧级 学生游戏本15.6英寸电竞屏电脑 i7-12650H/满血4060/2.5K165 【官方标配】16G/,6799.00,1万+
广博(GuangBo)30张A5笔记本本子软面抄单线记事本办公用品本子10本装颜色随机 GBR0789,11.70,50万+
晨光(M&G)文具笔记本本子 b5软线圈本横线记事本考研作业本 大学生日记本大号错题摘抄本 XB5856,9.90,2000+
联想笔记本电脑E41 AMD速龙轻薄本（G3050 8G 256G 一年上门) 14英寸商务办公影音娱乐网课学生便携手提本,2379.00,500+
华硕a豆14 14英寸高颜值学生办公轻薄本笔记本电脑 幻金粉 酷睿i3 8G 512G,2899.00,2万+
朗捷（longe） 商务笔记本本子a5羊巴皮文具本子加厚皮面日记本A4办公用品记事本可定制logo 深灰色1 A5,10.80,20万+
惠普（HP）暗影精灵9 2023款 16.1英寸13代酷睿RTX40显卡系列高能版电竞游戏本电脑 新13代i9HX 4060 2.5K 240Hz 超神版 16G内存 1T高速固态,8987.00,100+
朗捷（longe） 365天日程本每日计划本a5效率手册2023年日历记事本加厚年历本本子定制 棕色-搭扣（5月版）单本,32.80,5万+
联想(Lenovo)小新Pro16大屏设计办公轻薄笔记本电脑标压锐龙 旗舰标压R7-6800H 16G 512G 标配 16英寸｜2.5K超清｜120Hz高刷,4988.00,20万+
戴尔笔记本电脑Dell灵越16Plus2022 16英寸高性能轻薄本设计本 12代i7-12700H 16G 512G 3060 3K屏,7639.00,1万+
联想笔记本电脑V15 11代酷睿小新品超轻薄本 15.6英寸学生手提设计办公游戏本 i3-1115G4 20G内存+512G固态丨定制 IPS全高清屏 满血性能显卡 全尺寸键盘 千,2999.00,2万+
惠普HP 星13Air锐龙版 13.3英寸轻薄笔记本电脑(8核锐龙R7-5825U 16G 512G 2.5K高分屏 960g轻盈机身 玫瑰金),4899.00,5000+
惠普(HP)战66 六代 2023酷睿15.6英寸(英特尔13代i5-1340P 16G 512G长续航 指纹识别)高性能轻薄本电脑,4299.00,20万+
华硕无畏Pro14 2.8K OLED屏新锐龙标压高性能游戏轻薄笔记本电脑(R7-6800H 16G 512G RTX3050 高色域)银,5399.00,5万+
朗捷（longe） 商务笔记本本子加厚记事本羊巴皮面笔记本子文具搭扣日记本办公会议记录本定制logo a5黑色（单本）,19.80,2万+
戴尔（DELL）2023新游匣G16 16英寸游戏本2.5K电竞屏13代酷睿笔记本电脑高色域7630 1969黑：i9/32GB/1TB/4070 13代酷睿丨RTX40显卡,15999.00,200+
联想ThinkBook 14+ AMD锐龙标压笔记本电脑 全新2022款 14英寸标压轻薄本R7-6800H 16G 512G 2.8K 90Hz Win11,4999.00,2万+
ThinkPad联想ThinkBook 14+ 2023款 13代酷睿i5英特尔Evo平台 14英寸标压轻薄i5-13500H 16G 512G 2.8K 90Hz,4999.00,10万+
"京品电脑
戴尔（DELL）游匣G15 15.6英寸游戏本 笔记本电脑(14核i7 16G 512G RTX3060 165Hz高色域电竞屏)黑",5999.00,5万+
荣耀笔记本电脑MagicBook 14 2022锐龙版高性能轻薄本 标压R7-6800H 16+512G 2.1K护眼屏 手机互联 银,3999.90,2万+
"京品电脑
华为笔记本电脑MateBook D 14 SE版 14英寸 英特尔酷睿 i5 8G+512G 轻薄本/高清护眼防眩光屏/手机互联 银",3099.00,50万+
联想笔记本电脑小新14轻薄本 英特尔酷睿i5 14英寸超薄本(高性能标压i5 16G 512G)灰 商务办公学生,3799.00,20万+
"京品电脑
小米笔记本电脑 红米 RedmiBookPro 14英寸 2.5K高清屏 高性能轻薄本(R5 16G 512G 商务办公 长续航 全金属)",2899.00,20万+
惠普HP 星14 Pro 14英寸高性能轻薄笔记本电脑(英特尔酷睿i5-12500H标压 16G 512G 2.2K高分屏 硬件护眼)陨石灰,3999.00,2万+
小米游戏本 红米 RedmiG 16英寸 高性能手提笔记本电脑(酷睿i5 16G RTX3050满血 2.5K 165Hz高刷屏 DDR5高频内存),3999.00,2万+
联想（Lenovo）GeekPro G5000 2023游戏笔记本电脑 15.6英寸高性能电竞本(新R7-7840H 16G 512G RTX4060显卡 2.5k高刷屏)灰,5899.00,10万+
"京品电脑
宏碁（acer）暗影骑士·擎 15.6英寸游戏本 笔记本电脑(12代i5-12500H 16G 512G RTX3050 165Hz满血高色域)",3999.00,2万+
"京品电脑
联想笔记本电脑小新Pro14轻薄本 英特尔Evo 14英寸超能本(12核标压i5 16G 512G 2.8K高刷屏)银 商务办公学生",4399.00,20万+
惠普(HP)战66 六代2023酷睿15.6英寸(英特尔13代i5-1340P 16G 1T 2.5K高色域屏120HZ)高性能轻薄本电脑,4499.00,20万+
维派笔记本电脑15.6英寸轻薄本学生网课办公本 性价比+高配英特尔四核12代+高清窄边屏+指纹锁 16G+1TB硬盘,2198.00,2万+
联想笔记本电脑小新Pro16轻薄本 英特尔酷睿i5 16英寸超能本(12核标压i5 16G 512G 2.5K高刷屏)银 商务办公,4599.00,20万+
联想笔记本电脑小新Pro16轻薄本 英特尔酷睿i5 16英寸超能本(i5-13500H 16G 1T 2.5K高刷屏)灰 商务办公学生,5899.00,20万+
荣耀笔记本电脑MagicBook X 16 Pro 2023 13代酷睿标压i5-13500H 16+1T 16吋高性能轻薄本 大电池 手机互联,3939.00,2万+
华为笔记本电脑MateBook D 14 SE版 14英寸 英特尔酷睿i5 16G 512G 轻薄本/护眼全面屏/手机互联 皓月银,3699.00,50万+
小米笔记本电脑 红米 Redmi Book 14 12代酷睿i5 2.8K-120hz高刷屏 高性能轻薄本(i5-12500H 16G 512G office)灰,3999.00,5000+
Apple MacBook Air 13.3 八核M1芯片(7核图形处理器) 8G 256G SSD 深空灰 笔记本电脑 MGN63CH/A,7999.00,20万+
戴尔DELL笔记本电脑 灵越16Pro 16英寸轻薄本高性能全面屏(12代i5 512G 锐炬显卡)16:10屏占比 银,3799.00,5000+
小米笔记本电脑 红米 Redmi Book Pro15 3.2K高色域屏 商务办公 高清屏轻薄本(R7-6800H 16G 512G 带摄像头),3999.00,20万+
ThinkPad联想ThinkBook 14+ 英特尔酷睿i5 14英寸标压高性能轻薄笔记本电脑i5-12500H 16G 512G RTX2050 2.8K 90Hz,4999.00,10万+
联想笔记本电脑小新Pro14轻薄本 英特尔酷睿i5 14英寸超能本(13代标压i5-13500H 16G 1T 2.8K高刷屏)灰 办公游戏,5699.00,20万+
惠普(HP)战66 六代 2023酷睿14英寸(英特尔13代i5-1340P 16G 1T长续航 高色域低功耗)高性能轻薄本电脑,4299.00,20万+
维派笔记本电脑15.6英寸轻薄本学生网课办公本 性价比+高配英特尔四核12代+高清窄边屏+指纹锁 16G+256G硬盘,1798.00,2万+
华为笔记本电脑MateBook D 14 SE版 2022 14英寸 12代酷睿i5 8G 512G 轻薄本/护眼全面屏/手机互联 皓月银,3184.00,50万+
荣耀笔记本电脑MagicBook X 14 2023 12代酷睿标压i5 16G 512G 100%sRGB高色域 轻薄本 大电池 手机互联,3138.00,2万+
戴尔（DELL）笔记本电脑 成就3420 14英寸性能商务办公轻薄本(i5 16G 512G 锐炬显卡)灰 微边框全面屏 1年上门,3499.00,1万+
联想笔记本电脑小新Pro14轻薄本 英特尔酷睿i5 14英寸超能本(13代标压i5-13500H 32G 1T 2.8K高刷屏)灰 办公游戏,6199.00,20万+
"京品电脑
联想笔记本电脑 小新Air14 英特尔酷睿i5 14英寸轻薄本(i5 16G 512G 高色域 大电池)银 商务办公手提电脑",3499.00,20万+
ThinkPad E15 15.6英寸大屏酷睿轻薄笔记本电脑商用办公本 i5-1135G7 16G 512G固态 Xe核显 windows 11系统 带数字小键盘,4299.00,2000+
广博(GuangBo)A5笔记本子办公会议本记事本学生日记本软抄本 40张10本装颜色随机 GBR0790,13.90,50万+
晨光(M&G)文具a5笔记本本子 40张错题本高颜值缝线本记事本 初中学生英语日记本 学习用品 淡染4本装 FA5487,7.90,10万+
"拍拍
苹果（Apple） MacBook Pro/Air 二手苹果笔记本电脑 商务 办公 游戏 设计 剪辑 95新【超薄丨店长力荐】17款D42-8G/256",2648.00,5万+
ROG魔霸7 Plus 17.3英寸 电竞游戏本笔记本电脑(R9 7845HX 液金导热 16G 1T RTX4060 240Hz P3广色域),9499.00,2万+
联想（Lenovo）拯救者R9000P 2023游戏笔记本电脑 16英寸专业电竞本(新R9-7945HX 16G 1T RTX4060显卡 2.5k 240Hz高色域)灰,8999.00,10万+
微软Surface Pro 9 二合一平板电脑 i7 16G+256G 亮铂金 13英寸120Hz触控屏 学生平板 电脑,10688.00,1万+
惠普（HP）暗影精灵9 Intel 16.1英寸游戏本 笔记本电脑(英特尔13代酷睿i9-13900HX RTX4060 16G 1TBSSD 2.5K 240Hz),8999.00,10万+
惠普（HP）暗影精灵9 16.1英寸游戏本 笔记本电脑(R7-7840H RTX4060 16G 512GB 165Hz),7299.00,2000+
华硕天选4 锐龙版 15.6英寸高性能电竞游戏本 笔记本电脑(新R7-7735H 16G 512G RTX4060 144Hz高色域电竞屏)青,7299.00,2万+
联想（Lenovo）拯救者Y9000P 2023游戏笔记本电脑 13代酷睿i9 16英寸(13代i9-13900HX 16G 1T RTX4060显卡 2.5k 240Hz屏)灰,10299.00,5万+
惠普（HP）暗影精灵9 Intel 16.1英寸游戏本 笔记本电脑(13代i5-13500HX RTX4060 16G 512GSSD 2.5K 240Hz),8299.00,10万+
惠普HP 星14 Pro 14英寸轻薄笔记本电脑(英特尔酷睿i5-12500H标压2.8K 90Hz OLED高分高刷屏 硬件护眼)月光银,4499.00,2万+
联想（Lenovo）拯救者Y7000P 2023游戏笔记本电脑 13代酷睿i5 16英寸(13代i5-13500H 16G 1T RTX4050 2.5K 165Hz高色域屏),7299.00,5万+
华硕天选4 锐龙版 15.6英寸高性能电竞游戏本 笔记本电脑(新R9-7940H 16G 512G RTX4060 2.5K 165Hz P3广色域)灰,7999.00,2万+
华硕天选4 13代英特尔酷睿i7 15.6英寸游戏本 笔记本电脑(i7-13700H 16G 512G RTX4060 2.5K 165Hz P3广色域)青,8499.00,2万+
联想（Lenovo）拯救者Y7000P 2023游戏笔记本电脑 13代酷睿i7 16英寸(13代i7-13700H 16G 1T RTX4060显卡 2.5K高刷屏)灰,8299.00,5万+
联想（Lenovo）GeekPro G5000 英特尔酷睿 15.6英寸电竞游戏笔记本电脑(13代i5-13500H 16G 1T RTX4050 2.5k 165Hz高色域)灰,6999.00,5万+
联想笔记本电脑YOGAPro14s轻薄本 13代酷睿i7 英特尔Evo平台 14.5英寸商务本(i7-13700H 32G 1T 3K高刷触控屏)灰,8999.00,2万+
宏碁（acer）掠夺者·擎Neo 16英寸2.5K电竞游戏本 第13代酷睿H55 工作站级笔记本电脑(14核i5-13500HX 16G 512G RTX4060),7499.00,2万+
联想（Lenovo）拯救者R7000P 2023游戏笔记本电脑 16英寸超能电竞本(新R7-7840H 16G 1T RTX4060显卡 2.5K 高刷高色域屏)灰,7699.00,10万+
华硕天选4 15.6英寸高性能骨灰级游戏本笔记本电脑 光追独显 14核i7/RTX4060/512G/2.5K灰 16G/高刷高色域电竞屏,7999.00,5000+
联想（Lenovo）拯救者Y9000P 2023游戏笔记本电脑 13代酷睿i9 16英寸(i9-13900HX 16G 1T RTX4060显卡 2.5k 240Hz电竞屏)白,10599.00,5万+
联想拯救者R9000P 2023电竞游戏笔记本电脑y满血RTX4060 新旗舰锐龙 16大核R9-7945HX 16G 1TB 标配版 16英寸超竞屏｜240Hz高刷｜2.5K超清,9399.00,5万+
惠普HP 星Book 15.6英寸大屏办公轻薄笔记本电脑(英特尔酷睿i5-1340P 16G 1TB 锐炬显卡 通过6项可靠性测试)银色,3999.00,2万+
联想拯救者R9000P 16英寸游戏笔记本电脑(8核16线程R7-6800H 16G 512G RTX3060 2.5k 165Hz高色域)灰,7999.00,20万+
华硕天选4 锐龙版 15.6英寸高性能电竞游戏本 笔记本电脑(新R7-7735H 16G 512G RTX4050 144Hz高色域电竞屏)灰,7499.00,2万+
机械革命（MECHREVO） 极光Pro/E 2023年新款满血4060 4050发烧级 学生游戏本15.6英寸电竞屏电脑 i7-12650H/满血4060/2.5K165 【官方标配】16G/,6499.00,1万+
游戏笔记本电脑高色域高刷电竞屏学生设计专业剪辑将星酷睿标压手提本 23款 蓝i7-12650H 16G 512G官标 满血RTX4060电竞独显 15.6英寸,5399.00,1000+
机械革命（MECHREVO）蛟龙16K 16英寸游戏电竞笔记本电脑（R7-7735H 16G 512G RTX4060 165HZ 2.5K）,5999.00,2万+
华硕a豆14 12代i5标压 高性能办公学生轻薄笔记本电脑 i5标压 16G 512G 星际银海,3597.00,5000+
ROG枪神7 第13代英特尔酷睿i9 16英寸 星云屏 电竞游戏本笔记本电脑(i9-13980HX 液金导热 16G 1T RTX4060 2.5K 240Hz P3广色域),11999.00,5000+
惠普(HP)战99 2022 15.6英寸高性能笔记本电脑设计师创作本工作站 12代酷睿i5-12500H 16G 512G RTX3050Ti 高色域,5999.00,2万+
ThinkPad联想ThinkBook 14+ 英特尔酷睿i7 14英寸轻薄本NVIDIA Studio创作本i7-13700H 32G 512G RTX3050 2.8K 90Hz,7999.00,10万+
神舟（HASEE）战神S8 12代英特尔酷睿i5 15.6英寸游戏本 笔记本电脑(12代i5-12450H 16G 512G RTX4050 144Hz),4988.00,5万+
"京品电脑
荣耀笔记本MagicBook X 14 2022 14英寸全面屏轻薄笔记本电脑 （i5 16GB 512GB多屏协同）冰河银",3199.90,5万+
华硕无畏16 2023 13代酷睿标压 16英寸学生手提办公本笔记本电脑轻薄本商务 i5-13500H 16G 512G 护眼屏 银,4489.00,2000+
机械革命旷世G16 Pro 游戏笔记本电脑 2023新款Super版 满血4060系显卡高性能酷睿骨灰玩家级 旷世G16Pro丨高压i9HX丨满血4060-8G 16G 1000G Pci-e,7999.00,1000+
外星人ALIENWARE 全新x14 14英寸高性能12代i7 16G 512G RTX3050 144Hz学生 轻薄 游戏本电脑1743W,9969.00,5000+
小米笔记本电脑 红米 RedmiBook Pro14 锐龙版 2.5K-120hz高刷屏 商务办公本(R5-6600H标压 16G-LPDDR5 512G),3398.00,20万+
联想笔记本电脑小新14轻薄本 英特尔酷睿i5 14英寸超薄本(高性能标压i5 8G 512G)灰 商务办公学生,3499.00,20万+
华硕无畏Pro15 2.8K 120Hz OLED 12核酷睿i7标压游戏轻薄笔记本电脑(i7-12700H 16G 512G RTX3050)银,5994.00,2000+
联想ThinkPad T14p 商务办公本 13代英特尔标压,9999.00,200+
七彩虹（Colorful）将星X15-AT 13代英特尔酷睿i7 15.6英寸游戏本 笔记本电脑(i7-13700HX 16G 512G RTX4070 165Hz 2.5K）雷震紫,7584.00,1万+
华为笔记本电脑MateBook 14 14英寸 锐龙版R7 16G 512G 2K触控全面屏/轻薄办公本/华为分享 皓月银,4199.00,2万+
小米笔记本电脑 Redmi BookPro14 2.5K120hz高清屏 办公高性能轻薄本(12代酷睿i7 16G 512G win11 独显),4299.00,2万+
惠普(HP)锐14 新AMD锐龙 14英寸(六核R5-7530U 8G 512G 指纹识别 一年上门 通过13项军标认证)轻薄电脑,2899.00,2万+
"京品电脑
小米笔记本电脑 红米 RedmiBookPro 14英寸 2.5K高清屏 轻薄本(8核R7 16G 512G 指纹识别 DC调光 正版office)",3599.00,20万+
澳典笔记本电脑 酷睿旗舰i7 15.6英寸全高清窄边框IPS屏轻薄高性能商用办公学生游戏设计师超级本 酷睿i7-1165G7 32G+512G固态 IPS全高清屏 游戏级锐炬显卡 全尺寸键盘+指纹,3398.00,1000+
荣耀笔记本电脑MagicBook 14 2022锐龙版高性能轻薄本 标压R7-6800H 16+512G 2.1K护眼屏 手机互联 银,3999.90,2万+
ROG魔霸7 Plus 超能版 17.3英寸 电竞游戏本笔记本电脑(R9 7945HX 液金导热 16G 1T RTX4080 240Hz P3广色域),16999.00,2000+
宏碁（acer）新暗影骑士·擎 15.6英寸游戏本笔记本电脑 高端玩家级(酷睿i5-12450H 16G 512G RTX4050 140W 165Hz高刷新),5299.00,2万+
机械革命旷世G16 玩家级i7高端性能 游戏本2023新品4060 4050显卡系笔记本电脑 旷世G16 i7-12650H满功耗4060-8G 16G|1TPCIE240Hz|2.5K 16英寸屏1,7699.00,5000+
联想（Lenovo）拯救者Y7000P 2023 16英寸电竞游戏本笔记本电脑 i7-13700H 16G 1T RTX4060,8389.00,2000+
海尔（haier）笔记本电脑超轻薄本学生便携手提电脑游戏本四核超级本窄边框男女生款商务办公专用上网本 【14英寸】升级英特尔四核8G内存+IPS屏 128G固态(5G双频wifi),1699.00,5000+
ROG幻16 星空版 第13代英特尔酷睿i9 16英寸 星云原画屏 设计师轻薄高性能游戏本电脑(i9-13900H 32G 1T RTX4070 2.5K 240Hz MiniLED)星空黑,16499.00,1万+
宏碁（acer）暗影骑士龙 15.6英寸游戏本 全新AMD7000系列笔记本电脑(8核锐龙R7-7735H 16G-DDR5 512G 满血RTX3050 165Hz),4198.00,1万+
惠普HP 星14 Pro 14英寸轻薄笔记本电脑(英特尔酷睿i5-12500H 2.8K 90Hz高分高刷屏 100%DCI-P3电影级色彩)仙女粉,4499.00,2万+
荣耀笔记本电脑MagicBook X 14 2023 英特尔酷睿标压i5 16G 1T 100%sRGB高色域 轻薄本 大电池 手机互联,3599.00,2万+
戴尔（DELL）笔记本电脑灵越3511 15.6英寸全面屏轻薄本(酷睿i5 16G 512G 锐炬显卡)银 微边框 独立数字小键盘,3499.00,5万+
海尔(haier)笔记本电脑超轻薄本便携11.6英寸手提电脑商务办公超级本上网触屏手写二合一平板电脑 Intel四核8G内存 256G固态-双频WIFI,2049.00,2000+
联想拯救者Y9000P 2023/22电竞游戏笔记本电脑 满血版RTX4060独显可选 旗舰i9版 i9-12900H 16G 512G 3060标配 16英寸 2.5K超高清｜高色域专业电竞屏,8399.00,20万+
联想小新16 2023超轻薄本16英寸学习办公pro设计笔记本电脑英特尔13代酷睿十二核 i5-13500H 16G 512G 标配版 IPS 全面屏,4999.00,10万+
华硕无畏Pro14 2.8K OLED屏新锐龙标压高性能游戏轻薄笔记本电脑(R7-6800H 16G 512G RTX3050 高色域)银,4999.00,5万+
戴尔（DELL）笔记本电脑 灵越14Pro 14英寸高性能轻薄本(12代酷睿i5 512G 锐炬显卡 2.2K护眼全面屏)16:10屏占比 银,4099.00,1万+
机械革命（MECHREVO）蛟龙16K 2K 165Hz 16英寸学生玩家级游戏电竞笔记本电脑 蛟龙15K R5-6600H/4050/165 【官方标配】16G/512G固态硬盘,4698.00,5000+
ThinkPad X1 Nano 13英寸 可选2023款 超轻薄商务办公手提联想笔记本电脑 i7-1360P 16G 512G 4G版0ECD 2K屏幕 100%sRGB 指纹 背光,10999.00,1万+
惠普(HP)战66 六代2023酷睿14英寸(英特尔13代i7-1360P 32G 1T长续航高色域低功耗屏)高性能轻薄本电脑,5799.00,20万+
联想（Lenovo） IdeaPad 15 锐龙版 15.6英寸办公轻薄笔记本电脑 R5-5500U 8G512G 全高清防眩光屏,2899.00,1万+
ThinkPad E15 2022款 第12代英特尔酷睿处理器 15.6英寸 商务轻薄笔记本电脑 12代i7 16G 512G 00CD 高色域,5999.00,1万+
国行【2023款英特尔可选酷睿】金属笔记本电脑轻薄本大学生上网课设计学习商务办公游戏手提 高配英特尔四核+12代 IPS屏窄边全面屏+抗蓝光 16G运行+10,2448.00,10万+
Apple MacBook Pro 14英寸 M2 Pro芯片(10核中央处理器 16核图形处理器)16G 512G深空灰 电脑MPHE3CH/A,15999.00,1万+
申士（SHEN SHI）A5笔记本子礼盒装 简约商务礼盒套装记事本子礼品礼物伴手礼活动奖品可定制 蓝色,29.00,1000+
联想笔记本电脑小新Pro16轻薄本 16英寸超能本(高性能标压R7-7735HS 32G 1T 2.5K高刷屏)灰 商务办公学生游戏,6099.00,10万+
神舟（HASEE）战神S8 12代英特尔酷睿i7 15.6英寸游戏本 笔记本电脑(12代i7-12650H 16G 512G RTX4050 144Hz),5288.00,5万+
ThinkPad联想ThinkPad neo 14英寸高性能标压商务办公轻薄笔记本电脑 R7-6800H 16G 512G 2.2K高色域 win11 黑,4999.00,5000+
ThinkPad联想ThinkBook 14+ AMD锐龙标压笔记本电脑 全新2023款 14英寸高性能轻薄本 R5-6600H 16G 512G 2.8K 90Hz Win11,3999.00,2000+
华硕天选4 Plus 13代英特尔酷睿i9 17.3英寸游戏本 笔记本电脑(i9-13900H 16G 1T RTX4070 2.5K 240Hz P3广色域),11999.00,2万+
华硕灵耀X 双屏Pro 2023 13代酷睿标压 14.5英寸轻薄高性能笔记本电脑 2.8K双触控屏 i9-13900H 哑光黑 32G 1TB RTX4060,16999.00,200+
戴尔（DELL） 灵越16pro-5620 16英寸12代酷睿可选3K屏轻薄家用商务办公笔记本电脑 【推荐】12核i5-1240P/锐炬显卡丨1605 16G内存丨512G SSD 固态硬盘,3799.00,2000+
火影众颜U6/R7-7735H/16英寸/2.5K/120Hz高性能轻薄商务笔记本电脑 众颜U6-R7-7735H/16G/512G/2K,3594.00,100+
"京品电脑
华为笔记本电脑MateBook 13 2021款 2K全面屏 英特尔酷睿i5 16G 512G 锐炬显卡/多屏协同/13英寸轻薄本 皓月银",4499.00,20万+
机械革命（MECHREVO）旷世16 Super 12代i9 16英寸游戏笔记本电脑(i9-12900HX 32G 1T RTX4080 240HZ 2.5K屏 水冷版),11999.00,10万+
华硕无畏Pro15 2.8K 120Hz OLED屏标压锐龙游戏轻薄笔记本电脑(R7-6800H 16G 512G 120Hz 高色域)银,4699.00,2万+
戴尔dell笔记本电脑14英寸14air成就3420学生网课游戏设计轻薄办公商务手提电脑 定制 i5-1135G7 512固态 16GB 防蓝光护眼屏丨高性能显卡丨荣耀银,2999.00,1万+
惠普（HP） 光影精灵9/8Pro Victus新12代高颜值高性能游戏本电竞学生吃鸡办公商务电脑 12代i7 RTX3050Ti 4G独显/高色域 【标配】16G 512G固态,4994.00,5000+
微星（MSI）星影15游戏本 15.6英寸笔记本电脑 240Hz100%sRGB电竞屏 MUX双显三模 13代酷睿 i7/RTX4060/16G内存/512G固态,6799.00,500+
神舟（HASEE）战神Z8D6 SQ1 12代酷睿i7 15.6英寸游戏本 笔记本电脑(12代i7-12650H 16G 1TB RTX4060 165Hz 2.5K电竞屏),5699.00,5万+
惠普(HP)战66六代 锐龙版15.6英寸(2023锐龙R7-7730U 32G 1TB 长续航高色域低蓝光屏)高性能轻薄本电脑,4699.00,20万+
华硕a豆14 英特尔酷睿i5 高性能轻薄本 商务办公学习笔记本电脑(12代标压i5 16G 512G 16:10大视野 护眼屏),3699.00,2万+
